Thumbnail,Track Name,Author Time,Top Time,10k Time,Top Time % Difference,10k Time % Difference,Top Time Difference,10k Time Difference,Completed
https://core.trackmania.nadeo.live/storageObjects/5a69bd70-54d8-49f0-9df4-55e784d3200f.jpg,Summer 2024 - 1,23.923,22.297,22.803,4.68,6.8,1.1199999999999974,1.6259999999999977,False
https://core.trackmania.nadeo.live/storageObjects/c4ad4e8c-b482-4a45-b24b-54b99b207add.jpg,Summer 2024 - 2,29.1,26.576,27.831,4.36,8.67,1.269000000000002,2.524000000000001,False
https://core.trackmania.nadeo.live/storageObjects/422bb121-3be2-4c08-9f56-865e2a6dccab.jpg,Summer 2024 - 3,30.438,28.201,29.176,4.15,7.35,1.2620000000000005,2.2369999999999983,False
https://core.trackmania.nadeo.live/storageObjects/bdab9fc0-9261-40df-ac7e-cf86dfb99865.jpg,Summer 2024 - 4,31.507,28.611,29.976,4.86,9.19,1.5310000000000024,2.896000000000001,False
https://core.trackmania.nadeo.live/storageObjects/b05370af-2278-437f-a427-8c556f491002.jpg,Summer 2024 - 5,28.595,25.641,26.863,6.06,10.33,1.7319999999999993,2.9540000000000006,False
https://core.trackmania.nadeo.live/storageObjects/cb72929a-1643-4b95-bc43-80ae625768ae.jpg,Summer 2024 - 6,31.524,29.763,31.101,1.34,5.59,0.4230000000000018,1.7609999999999992,False
https://core.trackmania.nadeo.live/storageObjects/ff411329-0a19-454c-8c2d-bcc2164af97c.jpg,Summer 2024 - 7,27.744,24.851,27.197,1.97,10.43,0.5470000000000006,2.8930000000000007,False
https://core.trackmania.nadeo.live/storageObjects/415a265e-2e19-42e3-99b8-086dcf017e5f.jpg,Summer 2024 - 8,28.808,26.126,27.491,4.57,9.31,1.3170000000000002,2.6819999999999986,False
https://core.trackmania.nadeo.live/storageObjects/af93b52e-db93-4606-84e9-1c29bf12473a.jpg,Summer 2024 - 9,34.789,31.678,33.702,3.12,8.94,1.0870000000000033,3.1110000000000007,False
https://core.trackmania.nadeo.live/storageObjects/cec06b20-7d04-4954-9ae0-efb6514c5716.jpg,Summer 2024 - 10,29.0,26.677,28.217,2.7,8.01,0.7830000000000013,2.3230000000000004,False
https://core.trackmania.nadeo.live/storageObjects/019d6997-ceb8-4bee-86ea-89c50ad26697.jpg,Summer 2024 - 11,42.221,38.493,41.567,1.55,8.83,0.6539999999999964,3.7279999999999944,False
https://core.trackmania.nadeo.live/storageObjects/21985982-057c-473b-911c-df5c32264b75.jpg,Summer 2024 - 12,36.511,34.321,36.322,0.52,6.0,0.18900000000000006,2.190000000000005,False
https://core.trackmania.nadeo.live/storageObjects/09475870-0b8a-4d0f-9f51-b7375023a0cd.jpg,Summer 2024 - 13,40.465,39.035,40.398,0.17,3.53,0.06700000000000017,1.4300000000000068,False
https://core.trackmania.nadeo.live/storageObjects/0769fc07-44e1-44c6-9801-df914d989f95.jpg,Summer 2024 - 14,55.321,51.326,55.008,0.57,7.22,0.3129999999999953,3.9949999999999974,False
https://core.trackmania.nadeo.live/storageObjects/5c1bb461-849b-425e-a27f-7eefc356c004.jpg,Summer 2024 - 15,37.224,34.374,37.531,-0.82,7.66,-0.30700000000000216,2.8499999999999943,False
https://core.trackmania.nadeo.live/storageObjects/8f7c9cdf-77ec-4363-b358-aeb5bf04f9f0.jpg,Summer 2024 - 16,49.322,46.038,49.311,0.02,6.66,0.011000000000002785,3.284000000000006,False
https://core.trackmania.nadeo.live/storageObjects/7b730dfd-9501-44da-ab78-b578fea92ec9.jpg,Summer 2024 - 17,48.718,46.618,49.178,-0.94,4.31,-0.45999999999999375,2.1000000000000014,False
https://core.trackmania.nadeo.live/storageObjects/13b6029a-27df-4fd0-9c42-5874c43bfa8e.jpg,Summer 2024 - 18,46.002,43.745,48.072,-4.5,4.91,-2.0700000000000003,2.257000000000005,False
https://core.trackmania.nadeo.live/storageObjects/a6d944da-9831-47f3-9eb4-3000e0ccee82.jpg,Summer 2024 - 19,46.503,44.608,48.372,-4.02,4.08,-1.8689999999999998,1.8950000000000031,False
https://core.trackmania.nadeo.live/storageObjects/ca429b82-bd2c-48a6-ad38-6ad0084a02aa.jpg,Summer 2024 - 20,51.617,46.48,53.225,-3.12,9.95,-1.608000000000004,5.1370000000000005,False
https://core.trackmania.nadeo.live/storageObjects/f558b19e-2de9-4d5a-9cf8-ebf0aceb7edc.jpg,Summer 2024 - 21,55.452,52.282,58.422,-5.36,5.72,-2.969999999999999,3.1700000000000017,False
https://core.trackmania.nadeo.live/storageObjects/9e5a1313-7cb6-4ac6-863a-5de538f1d506.jpg,Summer 2024 - 22,48.448,46.006,50.207,-3.63,5.04,-1.7590000000000003,2.442,False
https://core.trackmania.nadeo.live/storageObjects/b6f18ad8-cf0e-4ede-9fbb-2ef81d1868ef.jpg,Summer 2024 - 23,42.721,39.217,45.334,-6.12,8.2,-2.6130000000000067,3.503999999999998,False
https://core.trackmania.nadeo.live/storageObjects/6f6f0799-b1ed-46ca-ae48-5b7ead7cd7ac.jpg,Summer 2024 - 24,63.886,61.616,67.705,-5.98,3.55,-3.8189999999999955,2.270000000000003,False
https://core.trackmania.nadeo.live/storageObjects/3e01f65e-a3b5-42d8-bdfd-304479f69c6f.jpg,Summer 2024 - 25,70.347,66.932,81.574,-15.96,4.85,-11.227000000000004,3.414999999999992,False
https://core.trackmania.nadeo.live/storageObjects/ea9128eb-dabb-4b08-b9d1-37adb25b41b2.jpg,Spring 2024 - 1,29.089,25.618,26.762,8.0,11.93,2.326999999999998,3.471,False
https://core.trackmania.nadeo.live/storageObjects/861fc133-4776-4589-b7ed-b5dd4a3a068a.jpg,Spring 2024 - 2,36.744,33.358,34.598,5.84,9.22,2.146000000000001,3.386000000000003,False
https://core.trackmania.nadeo.live/storageObjects/fa130d94-b16a-4921-816d-85629b07ce76.jpg,Spring 2024 - 3,32.144,27.365,28.673,10.8,14.87,3.471,4.779,False
https://core.trackmania.nadeo.live/storageObjects/4d3ea1d1-ed96-4307-863f-baefdc9b4ddd.jpg,Spring 2024 - 4,28.344,25.254,26.568,6.27,10.9,1.7759999999999998,3.09,False
https://core.trackmania.nadeo.live/storageObjects/cd0d9a62-6eb4-4dcc-87c6-33fee1a8c529.jpg,Spring 2024 - 5,32.922,29.388,30.291,7.99,10.73,2.6309999999999967,3.5339999999999954,False
https://core.trackmania.nadeo.live/storageObjects/a51a5a28-3a77-46db-979c-c318d6b6643f.jpg,Spring 2024 - 6,29.411,27.453,27.973,4.89,6.66,1.4380000000000024,1.958000000000002,False
https://core.trackmania.nadeo.live/storageObjects/80df6044-d294-4117-a7c4-78f89640173d.jpg,Spring 2024 - 7,35.732,33.438,34.552,3.3,6.42,1.1799999999999997,2.293999999999997,False
https://core.trackmania.nadeo.live/storageObjects/ca61a94b-e8f3-42dd-912e-bf83eff96926.jpg,Spring 2024 - 8,29.279,26.173,27.487,6.12,10.61,1.7920000000000016,3.1060000000000016,False
https://core.trackmania.nadeo.live/storageObjects/2d43e915-4d9c-4137-8801-18edae086db6.jpg,Spring 2024 - 9,32.663,29.436,31.166,4.58,9.88,1.4969999999999963,3.2269999999999968,False
https://core.trackmania.nadeo.live/storageObjects/dc18ff36-e67f-4cdf-8779-1cc949b0aa02.jpg,Spring 2024 - 10,37.878,32.872,35.688,5.78,13.22,2.1899999999999977,5.006,False
https://core.trackmania.nadeo.live/storageObjects/d0a35571-9810-4edd-a9e1-25b2bba7aaba.jpg,Spring 2024 - 11,37.172,32.336,36.175,2.68,13.01,0.9969999999999999,4.8359999999999985,False
https://core.trackmania.nadeo.live/storageObjects/db869f5c-99bf-4807-86b3-2039ba99b88c.jpg,Spring 2024 - 12,41.838,39.167,41.366,1.13,6.38,0.4720000000000013,2.6709999999999994,False
https://core.trackmania.nadeo.live/storageObjects/023b5ff1-beef-4d0f-97e5-c68105b08670.jpg,Spring 2024 - 13,37.291,32.825,36.414,2.35,11.98,0.8769999999999953,4.465999999999994,False
https://core.trackmania.nadeo.live/storageObjects/1192b7d8-c0d8-48f5-abaf-c40dcdffea67.jpg,Spring 2024 - 14,43.988,40.595,43.152,1.9,7.71,0.8359999999999985,3.3930000000000007,False
https://core.trackmania.nadeo.live/storageObjects/e12399b3-82fe-4b8f-9660-e6eeb023bd6a.jpg,Spring 2024 - 15,46.655,43.778,46.39,0.57,6.17,0.26500000000000057,2.8770000000000024,False
https://core.trackmania.nadeo.live/storageObjects/a8e7807a-a6f7-4979-a532-5274bb6e9824.jpg,Spring 2024 - 16,44.978,41.538,44.556,0.94,7.65,0.42200000000000415,3.440000000000005,False
https://core.trackmania.nadeo.live/storageObjects/3164fb4f-a9d6-41de-936f-15f6528a858c.jpg,Spring 2024 - 17,50.224,46.544,50.14,0.17,7.33,0.08399999999999608,3.6799999999999997,False
https://core.trackmania.nadeo.live/storageObjects/2a56e656-0d02-48c4-a0ec-412466f6110b.jpg,Spring 2024 - 18,50.251,47.148,50.107,0.29,6.18,0.14399999999999835,3.1029999999999944,False
https://core.trackmania.nadeo.live/storageObjects/04b1750b-b671-492a-b99c-5cb137f0971d.jpg,Spring 2024 - 19,35.814,30.428,35.49,0.9,15.04,0.32399999999999807,5.385999999999999,False
https://core.trackmania.nadeo.live/storageObjects/4eaa1df0-fb87-4cd6-9e09-20f937151582.jpg,Spring 2024 - 20,39.275,32.756,38.342,2.38,16.6,0.9329999999999998,6.518999999999998,False
https://core.trackmania.nadeo.live/storageObjects/ea5c1710-e692-4aa7-b6d4-854fab3fbe0c.jpg,Spring 2024 - 21,53.318,48.986,53.302,0.03,8.12,0.015999999999998238,4.332000000000001,False
https://core.trackmania.nadeo.live/storageObjects/65b1b4af-cf43-4360-ba4b-bf6ee1852820.jpg,Spring 2024 - 22,60.706,57.964,60.634,0.12,4.52,0.07200000000000273,2.7420000000000044,False
https://core.trackmania.nadeo.live/storageObjects/9436f1f9-50c3-45ae-bbbc-00540293e7d8.jpg,Spring 2024 - 23,46.818,43.933,46.79,0.06,6.16,0.027999999999998693,2.884999999999998,False
https://core.trackmania.nadeo.live/storageObjects/3429be45-24c7-4ef2-9e12-c20f862f2075.jpg,Spring 2024 - 24,61.001,58.493,63.0,-3.28,4.11,-1.9990000000000023,2.5079999999999956,False
https://core.trackmania.nadeo.live/storageObjects/b00a2370-d3da-46d8-a83d-ad03fd1bba25.jpg,Spring 2024 - 25,71.111,67.08,74.837,-5.24,5.67,-3.725999999999999,4.031000000000006,False
https://core.trackmania.nadeo.live/storageObjects/4278cff8-a787-4f88-bd2d-5440d197a147.jpg,Winter 2024 - 1,27.195,25.253,25.575,5.96,7.14,1.620000000000001,1.9420000000000002,False
https://core.trackmania.nadeo.live/storageObjects/c6635d13-b393-4a38-a071-eabe6291f6f9.jpg,Winter 2024 - 2,27.993,25.604,26.204,6.39,8.53,1.788999999999998,2.3889999999999993,False
https://core.trackmania.nadeo.live/storageObjects/567dd150-27cd-4065-aec4-0cbe30a6ab4e.jpg,Winter 2024 - 3,24.911,22.302,22.752,8.67,10.47,2.1590000000000025,2.6090000000000018,False
https://core.trackmania.nadeo.live/storageObjects/1f5c1bad-87e7-44c4-9d9d-5e19e251b0c4.jpg,Winter 2024 - 4,29.232,26.438,27.428,6.17,9.56,1.8039999999999985,2.7940000000000005,False
https://core.trackmania.nadeo.live/storageObjects/73b31d45-f09d-4dd7-b765-1412af182d62.jpg,Winter 2024 - 5,26.727,23.892,24.916,6.78,10.61,1.811,2.835000000000001,False
https://core.trackmania.nadeo.live/storageObjects/60ae9ca7-988f-41ef-bb75-9ae2776b4b17.jpg,Winter 2024 - 6,29.122,26.878,27.915,4.14,7.71,1.2070000000000007,2.2439999999999998,False
https://core.trackmania.nadeo.live/storageObjects/55cc2bde-b4f7-41c1-8612-004b09d54680.jpg,Winter 2024 - 7,35.435,32.095,34.044,3.93,9.43,1.3910000000000053,3.3400000000000034,False
https://core.trackmania.nadeo.live/storageObjects/d90efe00-5de8-47bb-8e11-2c6b1ceffa26.jpg,Winter 2024 - 8,26.903,21.955,22.622,15.91,18.39,4.280999999999999,4.948,False
https://core.trackmania.nadeo.live/storageObjects/302b53e5-82d7-437d-b778-bd1567785ab3.jpg,Winter 2024 - 9,34.999,28.025,29.395,16.01,19.93,5.604000000000003,6.974000000000004,False
https://core.trackmania.nadeo.live/storageObjects/cf4b7183-07c2-4592-8e8c-babb34c1a07c.jpg,Winter 2024 - 10,31.01,27.485,29.202,5.83,11.37,1.8079999999999998,3.525000000000002,False
https://core.trackmania.nadeo.live/storageObjects/90453dfd-d69f-4136-8e40-6717f03a6e88.jpg,Winter 2024 - 11,34.611,31.674,33.338,3.68,8.49,1.2729999999999961,2.9369999999999976,False
https://core.trackmania.nadeo.live/storageObjects/dede1ce0-d565-43af-a5ed-bd6c79852a29.jpg,Winter 2024 - 12,34.144,30.928,32.758,4.06,9.42,1.3859999999999957,3.2159999999999975,False
https://core.trackmania.nadeo.live/storageObjects/694d3699-7014-42a7-b236-94c2c7d75395.jpg,Winter 2024 - 13,34.671,32.205,34.066,1.74,7.11,0.6049999999999969,2.466000000000001,False
https://core.trackmania.nadeo.live/storageObjects/a9dc3fa1-d262-4aa2-8386-595e558573e4.jpg,Winter 2024 - 14,35.464,28.956,34.057,3.97,18.35,1.4069999999999965,6.507999999999999,False
https://core.trackmania.nadeo.live/storageObjects/8c7da946-247f-48cf-b06a-d9b0236d6958.jpg,Winter 2024 - 15,43.111,39.492,41.912,2.78,8.39,1.198999999999998,3.6189999999999998,False
https://core.trackmania.nadeo.live/storageObjects/7c0496a1-54ed-4d27-acca-fba5193c8d2d.jpg,Winter 2024 - 16,50.318,46.737,49.761,1.11,7.12,0.556999999999995,3.580999999999996,False
https://core.trackmania.nadeo.live/storageObjects/a24123c6-e045-411b-93e5-f158a68c76d4.jpg,Winter 2024 - 17,46.564,39.025,45.132,3.08,16.19,1.4320000000000022,7.5390000000000015,False
https://core.trackmania.nadeo.live/storageObjects/7af9aafe-d184-4d8d-8adf-de68992bb635.jpg,Winter 2024 - 18,49.282,45.408,48.996,0.58,7.86,0.28599999999999426,3.8739999999999952,False
https://core.trackmania.nadeo.live/storageObjects/d35baed6-2291-47dc-9995-05257126ad7f.jpg,Winter 2024 - 19,47.188,44.398,46.353,1.77,5.91,0.8350000000000009,2.789999999999999,False
https://core.trackmania.nadeo.live/storageObjects/2bfa8401-e6f3-40a9-9021-26dca702f630.jpg,Winter 2024 - 20,53.854,44.234,52.507,2.5,17.86,1.3470000000000013,9.619999999999997,False
https://core.trackmania.nadeo.live/storageObjects/2f0eace0-6f11-4fb1-adbb-00760a6f89da.jpg,Winter 2024 - 21,49.589,43.728,48.964,1.26,11.82,0.625,5.860999999999997,False
https://core.trackmania.nadeo.live/storageObjects/d2bde331-d614-4a4f-aae3-df4e36a81e1e.jpg,Winter 2024 - 22,69.896,64.291,69.738,0.23,8.02,0.15800000000000125,5.605000000000004,False
https://core.trackmania.nadeo.live/storageObjects/70be6c51-d868-4134-b8d3-2c0ab3d50542.jpg,Winter 2024 - 23,42.598,39.76,42.475,0.29,6.66,0.12299999999999756,2.838000000000001,False
https://core.trackmania.nadeo.live/storageObjects/c480a6bf-6320-49da-8cce-88660da1356b.jpg,Winter 2024 - 24,56.489,49.858,55.748,1.31,11.74,0.7409999999999997,6.631,False
https://core.trackmania.nadeo.live/storageObjects/dd0ef352-d2ed-4b8b-98bf-c52347d30ecc.jpg,Winter 2024 - 25,61.996,57.781,63.467,-2.37,6.8,-1.4709999999999965,4.215000000000003,False
https://prod.trackmania.core.nadeo.online/storageObjects/0a0cdde7-0c35-4687-8196-38babef432f2.jpg,Fall 2023 - 1,24.452,22.524,23.351,4.5,7.88,1.1010000000000026,1.9280000000000008,False
https://prod.trackmania.core.nadeo.online/storageObjects/a841ba23-41bc-403a-9100-12eb2dee4588.jpg,Fall 2023 - 2,25.56,23.413,24.335,4.79,8.4,1.2249999999999979,2.1469999999999985,False
https://prod.trackmania.core.nadeo.online/storageObjects/1c1ed692-3ac3-456b-8521-d3d0e76cc913.jpg,Fall 2023 - 3,28.085,25.118,26.518,5.58,10.56,1.5670000000000002,2.9670000000000023,False
https://prod.trackmania.core.nadeo.online/storageObjects/d90a6856-4087-4237-8673-96aad9bdf9a9.jpg,Fall 2023 - 4,24.819,23.216,23.758,4.27,6.46,1.061,1.602999999999998,False
https://prod.trackmania.core.nadeo.online/storageObjects/5e5624ed-73f9-4caf-8200-a398df86f34d.jpg,Fall 2023 - 5,28.091,24.874,26.548,5.49,11.45,1.5430000000000028,3.2170000000000023,False
https://prod.trackmania.core.nadeo.online/storageObjects/61da4857-3b12-45f7-a963-480e44b19681.jpg,Fall 2023 - 6,30.499,27.586,28.882,5.3,9.55,1.6169999999999973,2.9130000000000003,False
https://prod.trackmania.core.nadeo.online/storageObjects/aa9d5855-2fa8-4e0c-809d-23e88b1c2fa0.jpg,Fall 2023 - 7,31.775,29.164,30.406,4.31,8.22,1.3689999999999998,2.610999999999997,False
https://prod.trackmania.core.nadeo.online/storageObjects/c8344abc-9e33-49a9-bd75-57bd1f7c90b8.jpg,Fall 2023 - 8,21.004,17.758,19.377,7.75,15.45,1.6270000000000024,3.246000000000002,False
https://prod.trackmania.core.nadeo.online/storageObjects/7cc9d6c0-ffb0-47c3-8814-6ad8375ddb97.jpg,Fall 2023 - 9,30.198,26.78,28.652,5.12,11.32,1.5459999999999994,3.4179999999999993,False
https://prod.trackmania.core.nadeo.online/storageObjects/756c5f16-c5f2-4b9d-91d8-2d348bbd3b36.jpg,Fall 2023 - 10,35.81,32.981,34.4,3.94,7.9,1.4100000000000037,2.8290000000000006,False
https://prod.trackmania.core.nadeo.online/storageObjects/6ef0488e-5c9d-476b-9ccf-1532270858f4.jpg,Fall 2023 - 11,33.823,30.656,32.474,3.99,9.36,1.3490000000000038,3.1670000000000016,False
https://prod.trackmania.core.nadeo.online/storageObjects/62afc257-c88f-4884-8603-9c0178451a06.jpg,Fall 2023 - 12,36.016,33.012,34.221,4.98,8.34,1.7950000000000017,3.003999999999998,False
https://prod.trackmania.core.nadeo.online/storageObjects/17e625af-f6c8-4cf5-9373-5ddd1feed005.jpg,Fall 2023 - 13,38.698,35.944,37.518,3.05,7.12,1.1799999999999997,2.753999999999998,False
https://prod.trackmania.core.nadeo.online/storageObjects/73c60a84-5967-4dbc-a0c0-93fa7e6cc62f.jpg,Fall 2023 - 14,36.981,33.253,35.544,3.89,10.08,1.4370000000000047,3.7280000000000015,False
https://prod.trackmania.core.nadeo.online/storageObjects/15e627bd-46b2-4c71-a402-2b9044cb6fbb.jpg,Fall 2023 - 15,37.437,35.093,36.958,1.28,6.26,0.4789999999999992,2.343999999999994,False
https://prod.trackmania.core.nadeo.online/storageObjects/ab7f44fe-c87f-4ad1-8cb3-cb1de8bc4b29.jpg,Fall 2023 - 16,73.011,68.402,72.218,1.09,6.31,0.7929999999999922,4.608999999999995,False
https://prod.trackmania.core.nadeo.online/storageObjects/f0ef9744-fd51-4372-9fe5-a99c2b168ee9.jpg,Fall 2023 - 17,42.68,40.428,41.977,1.65,5.28,0.703000000000003,2.2520000000000024,False
https://prod.trackmania.core.nadeo.online/storageObjects/f930145e-ea3f-4294-a290-cac3efd33ffb.jpg,Fall 2023 - 18,47.701,45.381,47.425,0.58,4.86,0.27600000000000335,2.3200000000000003,False
https://prod.trackmania.core.nadeo.online/storageObjects/536f027f-12a8-4b46-8d93-fb956226435e.jpg,Fall 2023 - 19,51.101,47.612,50.748,0.69,6.83,0.35300000000000153,3.488999999999997,False
https://prod.trackmania.core.nadeo.online/storageObjects/cce2d2d6-52f2-4123-99e8-42599ef54170.jpg,Fall 2023 - 20,45.351,43.502,45.178,0.38,4.08,0.17300000000000182,1.8489999999999966,False
https://prod.trackmania.core.nadeo.online/storageObjects/4258527a-5690-4e49-8304-427ee626edad.jpg,Fall 2023 - 21,46.126,42.997,45.904,0.48,6.78,0.2219999999999942,3.128999999999998,False
https://prod.trackmania.core.nadeo.online/storageObjects/03889d1e-9d32-44e1-915d-2f4f73ad774e.jpg,Fall 2023 - 22,54.951,50.798,54.631,0.58,7.56,0.3200000000000003,4.152999999999999,False
https://prod.trackmania.core.nadeo.online/storageObjects/4269f4bd-1f05-4fb3-a126-dc87b36ea18b.jpg,Fall 2023 - 23,52.252,47.737,52.059,0.37,8.64,0.19300000000000495,4.515000000000001,False
https://prod.trackmania.core.nadeo.online/storageObjects/7e61fde8-39ca-4df7-aa71-e1aacc843ad9.jpg,Fall 2023 - 24,43.101,40.453,42.848,0.59,6.14,0.2530000000000001,2.647999999999996,False
https://prod.trackmania.core.nadeo.online/storageObjects/68e9461f-a9e2-4c6a-9796-294afb4d2814.jpg,Fall 2023 - 25,72.187,65.955,71.952,0.33,8.63,0.23499999999999943,6.231999999999999,False
https://prod.trackmania.core.nadeo.online/storageObjects/fa836805-f906-41c1-9ca2-e52a63c4b44f.jpg,Summer 2023 - 1,23.997,22.917,23.462,2.23,4.5,0.5350000000000001,1.0799999999999983,False
https://prod.trackmania.core.nadeo.online/storageObjects/e6025f57-985a-4a16-bae8-33777ff0dc52.jpg,Summer 2023 - 2,26.411,24.145,25.306,4.18,8.58,1.1050000000000004,2.266000000000002,False
https://prod.trackmania.core.nadeo.online/storageObjects/a00d2e97-15ca-497b-8868-3cf5023e03c1.jpg,Summer 2023 - 3,23.428,22.292,22.944,2.07,4.85,0.48400000000000176,1.1359999999999992,False
https://prod.trackmania.core.nadeo.online/storageObjects/34a065c4-68d5-4568-ac39-1c9f6fca814b.jpg,Summer 2023 - 4,17.401,16.796,17.162,1.37,3.48,0.23900000000000077,0.6050000000000004,False
https://prod.trackmania.core.nadeo.online/storageObjects/a4bc9702-88ef-46d9-9a7d-469fb3d60fb0.jpg,Summer 2023 - 5,25.847,25.161,25.423,1.64,2.65,0.42400000000000304,0.6859999999999999,False
https://prod.trackmania.core.nadeo.online/storageObjects/a1fec71b-4873-432f-ac2d-828e74800cf5.jpg,Summer 2023 - 6,25.462,22.023,23.305,8.47,13.51,2.157,3.439,False
https://prod.trackmania.core.nadeo.online/storageObjects/ae0da036-ccf7-4c14-be6e-3494b66d7ca7.jpg,Summer 2023 - 7,31.382,29.021,30.242,3.63,7.52,1.1400000000000006,2.3610000000000007,False
https://prod.trackmania.core.nadeo.online/storageObjects/16da7fcc-461c-40a4-8bde-23375619bb69.jpg,Summer 2023 - 8,22.196,20.828,21.596,2.7,6.16,0.6000000000000014,1.368000000000002,False
https://prod.trackmania.core.nadeo.online/storageObjects/98b7ee35-9eac-46be-9073-569c943e3af0.jpg,Summer 2023 - 9,27.803,25.512,27.102,2.52,8.24,0.7010000000000005,2.2910000000000004,False
https://prod.trackmania.core.nadeo.online/storageObjects/5e082938-9657-43dd-8875-f2718b76dfa7.jpg,Summer 2023 - 10,50.598,47.056,48.677,3.8,7.0,1.9209999999999994,3.5420000000000016,False
https://prod.trackmania.core.nadeo.online/storageObjects/71c1df9f-c6cd-4566-ade4-63863f73dfaa.jpg,Summer 2023 - 11,31.805,28.741,30.607,3.77,9.63,1.1980000000000004,3.064,False
https://prod.trackmania.core.nadeo.online/storageObjects/9505474d-b2c8-4863-aa50-53763471715d.jpg,Summer 2023 - 12,34.25,32.051,33.008,3.63,6.42,1.2419999999999973,2.198999999999998,False
https://prod.trackmania.core.nadeo.online/storageObjects/2d0243f7-042b-4373-8221-edde70b6188f.jpg,Summer 2023 - 13,31.573,29.534,30.568,3.18,6.46,1.004999999999999,2.0390000000000015,False
https://prod.trackmania.core.nadeo.online/storageObjects/8fd06ce6-ede3-4bd4-9e27-e6652d9aca4d.jpg,Summer 2023 - 14,44.006,40.728,43.434,1.3,7.45,0.5720000000000027,3.2779999999999987,False
https://prod.trackmania.core.nadeo.online/storageObjects/98879d8c-2ce4-4d25-8161-f8eaac3379f9.jpg,Summer 2023 - 15,45.396,41.853,44.976,0.93,7.8,0.4200000000000017,3.5429999999999993,False
https://prod.trackmania.core.nadeo.online/storageObjects/6a4c2aed-ec6e-426e-af60-662514a9622d.jpg,Summer 2023 - 16,45.646,42.815,45.385,0.57,6.2,0.2610000000000028,2.831000000000003,False
https://prod.trackmania.core.nadeo.online/storageObjects/6c9a6d34-20dd-4eb1-96fb-218292473595.jpg,Summer 2023 - 17,41.111,38.543,40.567,1.32,6.25,0.5439999999999969,2.567999999999998,False
https://prod.trackmania.core.nadeo.online/storageObjects/47ad984b-bee0-4f60-9558-7a807e1e2135.jpg,Summer 2023 - 18,30.251,26.548,30.05,0.66,12.24,0.2010000000000005,3.703000000000003,False
https://prod.trackmania.core.nadeo.online/storageObjects/ed781086-b602-4333-96f1-53c57741b069.jpg,Summer 2023 - 19,48.478,46.001,48.277,0.41,5.11,0.2010000000000005,2.477000000000004,False
https://prod.trackmania.core.nadeo.online/storageObjects/523c1826-6eec-4a39-96fe-f8bfbdc674b5.jpg,Summer 2023 - 20,36.823,32.485,33.865,8.03,11.78,2.9579999999999984,4.338000000000001,False
https://prod.trackmania.core.nadeo.online/storageObjects/6bbcce0d-4e8c-4efe-912d-f4eab99277c8.jpg,Summer 2023 - 21,51.8,49.518,52.058,-0.5,4.41,-0.25800000000000267,2.2819999999999965,False
https://prod.trackmania.core.nadeo.online/storageObjects/a407dbf8-92a7-4a69-8194-a95812bbc9e2.jpg,Summer 2023 - 22,47.699,42.564,47.068,1.32,10.77,0.6310000000000002,5.134999999999998,False
https://prod.trackmania.core.nadeo.online/storageObjects/f7aa8dc5-134c-48a3-bc79-12d8077821b2.jpg,Summer 2023 - 23,59.468,55.775,59.081,0.65,6.21,0.38700000000000045,3.693000000000005,False
https://prod.trackmania.core.nadeo.online/storageObjects/961ee493-f029-43b8-99ea-d7a61317271d.jpg,Summer 2023 - 24,42.824,40.51,42.594,0.54,5.4,0.22999999999999687,2.314,False
https://prod.trackmania.core.nadeo.online/storageObjects/46ab5a72-b319-4b55-b97f-046bf0331a95.jpg,Summer 2023 - 25,57.001,55.398,57.217,-0.38,2.81,-0.21600000000000108,1.6029999999999944,False
https://prod.trackmania.core.nadeo.online/storageObjects/b2e1619f-b755-4d9e-975e-9551b2642b1d.jpg,Spring 2023 - 1,28.61,27.222,27.748,3.01,4.85,0.8619999999999983,1.3879999999999981,False
https://prod.trackmania.core.nadeo.online/storageObjects/786a38a9-59f9-4fb6-a685-51112ee4e98f.jpg,Spring 2023 - 2,27.254,26.171,26.708,2.0,3.97,0.5460000000000029,1.083000000000002,False
https://prod.trackmania.core.nadeo.online/storageObjects/e2a4639d-7958-4924-9232-e7ca01ed41df.jpg,Spring 2023 - 3,29.442,26.983,28.623,2.78,8.35,0.8189999999999991,2.4589999999999996,False
https://prod.trackmania.core.nadeo.online/storageObjects/b1f77f37-e855-4e12-a3bd-13731c3163e8.jpg,Spring 2023 - 4,20.583,19.244,20.021,2.73,6.51,0.5619999999999976,1.3389999999999986,False
https://prod.trackmania.core.nadeo.online/storageObjects/7e755d82-d7f7-45b5-a09c-9623ca2fc9fb.jpg,Spring 2023 - 5,29.355,26.712,28.01,4.58,9.0,1.3449999999999989,2.6430000000000007,False
https://prod.trackmania.core.nadeo.online/storageObjects/2418f4a6-7ee6-49b5-8f07-e86e44db0656.jpg,Spring 2023 - 6,35.287,32.968,34.495,2.24,6.57,0.7920000000000016,2.3189999999999955,False
https://prod.trackmania.core.nadeo.online/storageObjects/42c09093-cb99-4776-ac99-9d9a02569e50.jpg,Spring 2023 - 7,28.251,27.36,28.026,0.8,3.15,0.22500000000000142,0.8910000000000018,False
https://prod.trackmania.core.nadeo.online/storageObjects/4fed73db-d2d9-4d2c-a501-89f4b3bbcd85.jpg,Spring 2023 - 8,37.42,35.255,36.578,2.25,5.79,0.8419999999999987,2.164999999999999,False
https://prod.trackmania.core.nadeo.online/storageObjects/35ebeb63-c884-4d1d-ad6e-4ca004e92b1b.jpg,Spring 2023 - 9,35.556,32.633,34.048,4.24,8.22,1.5079999999999956,2.9229999999999947,False
https://prod.trackmania.core.nadeo.online/storageObjects/adea3373-f878-42a7-a2eb-56a447628fcf.jpg,Spring 2023 - 10,36.999,35.152,36.513,1.31,4.99,0.4860000000000042,1.8470000000000013,False
https://prod.trackmania.core.nadeo.online/storageObjects/13ed0558-ea78-40ab-b91b-e51e7db63990.jpg,Spring 2023 - 11,31.284,29.966,31.067,0.69,4.21,0.21699999999999875,1.3179999999999978,False
https://prod.trackmania.core.nadeo.online/storageObjects/0e8a59b5-8981-405f-b8df-cb7c4fffd9f3.jpg,Spring 2023 - 12,26.412,24.89,25.911,1.9,5.76,0.5009999999999977,1.5219999999999985,False
https://prod.trackmania.core.nadeo.online/storageObjects/2a68292b-a987-4517-af9e-8a01537f1e53.jpg,Spring 2023 - 13,34.3,32.361,33.612,2.01,5.65,0.6879999999999953,1.939,False
https://prod.trackmania.core.nadeo.online/storageObjects/a8482451-f5ba-49cd-8f6a-b5975ed95ad2.jpg,Spring 2023 - 14,35.206,33.423,34.813,1.12,5.06,0.3930000000000007,1.7830000000000013,False
https://prod.trackmania.core.nadeo.online/storageObjects/f86cc384-dbed-4aee-8dee-31909c9ef2bd.jpg,Spring 2023 - 15,34.509,31.563,34.254,0.74,8.54,0.25500000000000256,2.9460000000000015,False
https://prod.trackmania.core.nadeo.online/storageObjects/909c99ee-329b-49b5-8f2f-4afb4cd24d99.jpg,Spring 2023 - 16,30.856,29.107,30.735,0.39,5.67,0.12100000000000222,1.7490000000000023,False
https://prod.trackmania.core.nadeo.online/storageObjects/fab8bffa-f74f-46c4-a17e-980bd93b9134.jpg,Spring 2023 - 17,34.214,31.408,33.718,1.45,8.2,0.4959999999999951,2.8059999999999974,False
https://prod.trackmania.core.nadeo.online/storageObjects/2e90e236-4213-4692-8d28-bc1418c3bd11.jpg,Spring 2023 - 18,25.681,24.053,25.653,0.11,6.34,0.028000000000002245,1.6280000000000001,False
https://prod.trackmania.core.nadeo.online/storageObjects/ca3e9ba6-69a5-4c88-87d5-366d5ad73a24.jpg,Spring 2023 - 19,43.682,41.515,43.623,0.14,4.96,0.059000000000004604,2.1670000000000016,False
https://prod.trackmania.core.nadeo.online/storageObjects/c919200c-7c27-4b1f-911c-ffca7c41783e.jpg,Spring 2023 - 20,44.882,41.761,44.7,0.41,6.95,0.18199999999999505,3.120999999999995,False
https://prod.trackmania.core.nadeo.online/storageObjects/96cc05ad-785c-432b-a168-063b9d9e5892.jpg,Spring 2023 - 21,78.969,75.915,80.748,-2.25,3.87,-1.7790000000000106,3.053999999999988,False
https://prod.trackmania.core.nadeo.online/storageObjects/26332002-d46a-4f58-b45b-5310869c20f3.jpg,Spring 2023 - 22,50.998,46.942,50.617,0.75,7.95,0.3810000000000002,4.055999999999997,False
https://prod.trackmania.core.nadeo.online/storageObjects/bbfcbab2-1210-4028-bb10-c213998b94b2.jpg,Spring 2023 - 23,46.892,44.788,47.684,-1.69,4.49,-0.7919999999999945,2.1040000000000063,False
https://prod.trackmania.core.nadeo.online/storageObjects/132690c9-9f37-479c-aa5a-1a678841aaca.jpg,Spring 2023 - 24,48.456,43.908,48.303,0.32,9.39,0.1530000000000058,4.548000000000002,False
https://prod.trackmania.core.nadeo.online/storageObjects/5a81711f-8cd7-4f1d-a476-0a69bbe96105.jpg,Spring 2023 - 25,43.986,40.993,44.668,-1.55,6.8,-0.6820000000000022,2.992999999999995,False
https://prod.trackmania.core.nadeo.online/storageObjects/bc2db8db-7547-4e0d-9195-009619c7f7ee.jpg,Winter 2023 - 1,16.02,15.74,15.865,0.97,1.75,0.15499999999999936,0.27999999999999936,False
https://prod.trackmania.core.nadeo.online/storageObjects/4c287984-280e-4d8c-9c26-14917681293e.jpg,Winter 2023 - 2,18.68,17.358,18.198,2.58,7.08,0.4819999999999993,1.3219999999999992,False
https://prod.trackmania.core.nadeo.online/storageObjects/316a1242-ed32-4314-b19c-71d5b8ed4835.jpg,Winter 2023 - 3,20.65,19.138,20.021,3.05,7.32,0.6289999999999978,1.511999999999997,False
https://prod.trackmania.core.nadeo.online/storageObjects/e3e36448-2478-4c53-bb30-e0fa56ab9637.jpg,Winter 2023 - 4,20.142,18.381,19.208,4.64,8.74,0.934000000000001,1.7609999999999992,False
https://prod.trackmania.core.nadeo.online/storageObjects/65f745fa-490d-4ded-b858-adaaf2dcb845.jpg,Winter 2023 - 5,19.001,17.637,18.406,3.13,7.18,0.5950000000000024,1.3640000000000008,False
https://prod.trackmania.core.nadeo.online/storageObjects/cbc55a36-cd1c-4bd0-940f-0abcd376fd3d.jpg,Winter 2023 - 6,28.305,26.923,27.852,1.6,4.88,0.4529999999999994,1.3820000000000014,False
https://prod.trackmania.core.nadeo.online/storageObjects/f9d53eed-9b44-4c8b-aa2f-be4f37c5c779.jpg,Winter 2023 - 7,25.451,21.701,24.921,2.08,14.73,0.5300000000000011,3.75,False
https://prod.trackmania.core.nadeo.online/storageObjects/1c81c621-b179-4786-825d-4a2c0aaced92.jpg,Winter 2023 - 8,54.558,50.354,53.635,1.69,7.71,0.9230000000000018,4.204000000000001,False
https://prod.trackmania.core.nadeo.online/storageObjects/7a0f273c-d7b0-457d-b9d1-0875344f7ff9.jpg,Winter 2023 - 9,30.206,28.035,29.472,2.43,7.19,0.7339999999999982,2.1709999999999994,False
https://prod.trackmania.core.nadeo.online/storageObjects/570376a1-dcfb-4f92-884c-f1af06a2de05.jpg,Winter 2023 - 10,29.18,27.564,28.388,2.71,5.54,0.791999999999998,1.6159999999999997,False
https://prod.trackmania.core.nadeo.online/storageObjects/430f7ab4-76d5-4d4d-9563-c79b615581dc.jpg,Winter 2023 - 11,30.999,29.322,30.608,1.26,5.41,0.39099999999999824,1.6769999999999996,False
https://prod.trackmania.core.nadeo.online/storageObjects/0ff2b0d7-5ef0-4c88-9fc8-c0a36e1496d8.jpg,Winter 2023 - 12,25.31,23.782,24.876,1.71,6.04,0.4339999999999975,1.5279999999999987,False
https://prod.trackmania.core.nadeo.online/storageObjects/73606695-0cb0-4b46-acdd-4070a75fa7b9.jpg,Winter 2023 - 13,29.618,24.508,29.084,1.8,17.25,0.5339999999999989,5.109999999999999,False
https://prod.trackmania.core.nadeo.online/storageObjects/d9e724aa-6655-4285-b27b-de1c1507bd32.jpg,Winter 2023 - 14,33.358,31.134,32.766,1.77,6.67,0.5919999999999987,2.2239999999999966,False
https://prod.trackmania.core.nadeo.online/storageObjects/d7c62c95-3512-4d77-b8be-a323818bd1f9.jpg,Winter 2023 - 15,31.465,29.326,30.971,1.57,6.8,0.4939999999999998,2.1389999999999993,False
https://prod.trackmania.core.nadeo.online/storageObjects/ba1dec46-a38b-4c63-a4b7-cc6c5ecb71fd.jpg,Winter 2023 - 16,49.822,45.573,49.246,1.16,8.53,0.5760000000000005,4.249000000000002,False
https://prod.trackmania.core.nadeo.online/storageObjects/29ab5982-7ae7-49e4-95f5-df429fec37d4.jpg,Winter 2023 - 17,63.148,59.37,63.041,0.17,5.98,0.10700000000000642,3.778000000000006,False
https://prod.trackmania.core.nadeo.online/storageObjects/43b329d7-8e37-400b-b289-0560dfc22b27.jpg,Winter 2023 - 18,39.436,36.873,39.097,0.86,6.5,0.33899999999999864,2.5630000000000024,False
https://prod.trackmania.core.nadeo.online/storageObjects/26a15e1e-d3ea-4245-8590-17522f875fc8.jpg,Winter 2023 - 19,45.808,41.388,45.031,1.7,9.65,0.777000000000001,4.420000000000002,False
https://prod.trackmania.core.nadeo.online/storageObjects/0239db32-d25a-4009-b07d-96110a7c6c05.jpg,Winter 2023 - 20,38.987,35.245,37.902,2.78,9.6,1.0850000000000009,3.7420000000000044,False
https://prod.trackmania.core.nadeo.online/storageObjects/c6274bf8-76ea-4148-aa7a-005d796f365f.jpg,Winter 2023 - 21,57.14,54.735,57.772,-1.11,4.21,-0.6319999999999979,2.405000000000001,False
https://prod.trackmania.core.nadeo.online/storageObjects/84a73f93-84ce-4d4b-9a78-a3ddd41555fd.jpg,Winter 2023 - 22,61.423,56.211,60.788,1.03,8.49,0.6350000000000051,5.212000000000003,False
https://prod.trackmania.core.nadeo.online/storageObjects/69bc171d-035e-46ce-8671-0256336b9521.jpg,Winter 2023 - 23,60.952,57.098,60.621,0.54,6.32,0.33099999999999596,3.853999999999999,False
https://prod.trackmania.core.nadeo.online/storageObjects/88e9ca3c-9c2a-4e37-910c-91c54f13f198.jpg,Winter 2023 - 24,59.135,55.218,60.124,-1.67,6.62,-0.9890000000000043,3.9169999999999945,False
https://prod.trackmania.core.nadeo.online/storageObjects/865384c7-cfcb-4019-b0eb-eaa54060e70d.jpg,Winter 2023 - 25,65.341,54.928,64.69,1.0,15.94,0.6509999999999962,10.412999999999997,False
https://prod.trackmania.core.nadeo.online/storageObjects/396c615b-d163-4c1b-84d2-ca675430a477.jpg,Fall 2022 - 1,19.545,17.664,18.271,6.52,9.62,1.274000000000001,1.8810000000000002,False
https://prod.trackmania.core.nadeo.online/storageObjects/9fad936a-7dae-464b-b68b-a39638f48f17.jpg,Fall 2022 - 2,19.455,18.688,18.925,2.72,3.94,0.5299999999999976,0.7669999999999995,False
https://prod.trackmania.core.nadeo.online/storageObjects/a21ae508-5120-482c-bbb7-e07809059d3c.jpg,Fall 2022 - 3,21.651,20.105,20.831,3.79,7.14,0.8200000000000003,1.5459999999999994,False
https://prod.trackmania.core.nadeo.online/storageObjects/e857e87e-ce51-4ac6-82b8-5cf4206abaf7.jpg,Fall 2022 - 4,30.058,28.598,29.313,2.48,4.86,0.745000000000001,1.4600000000000009,False
https://prod.trackmania.core.nadeo.online/storageObjects/56d5863a-8466-4074-ab04-3a12f0850310.jpg,Fall 2022 - 5,23.61,22.568,23.224,1.63,4.41,0.38599999999999923,1.041999999999998,False
https://prod.trackmania.core.nadeo.online/storageObjects/222c516f-2484-45d8-a41a-345094876901.jpg,Fall 2022 - 6,29.854,27.571,29.068,2.63,7.65,0.7859999999999978,2.2829999999999977,False
https://prod.trackmania.core.nadeo.online/storageObjects/a9d5a3d7-3fda-4bbf-9d76-3a092ea696c6.jpg,Fall 2022 - 7,28.808,26.485,27.774,3.59,8.06,1.033999999999999,2.3230000000000004,False
https://prod.trackmania.core.nadeo.online/storageObjects/2b8f6081-05f6-4135-8143-4856e1710697.jpg,Fall 2022 - 8,28.442,26.913,27.93,1.8,5.38,0.5120000000000005,1.529,False
https://prod.trackmania.core.nadeo.online/storageObjects/3ec1142a-4fcf-4d43-a236-9495df22414f.jpg,Fall 2022 - 9,28.891,27.286,28.453,1.52,5.56,0.43799999999999883,1.6049999999999969,False
https://prod.trackmania.core.nadeo.online/storageObjects/2f1565b9-46ab-4147-8f7d-a6de28668b98.jpg,Fall 2022 - 10,31.204,28.914,30.161,3.34,7.34,1.0429999999999993,2.289999999999999,False
https://prod.trackmania.core.nadeo.online/storageObjects/815ee551-f083-4c00-870b-3d56fb1c4d3e.jpg,Fall 2022 - 11,39.852,36.218,39.404,1.12,9.12,0.4479999999999933,3.6339999999999932,False
https://prod.trackmania.core.nadeo.online/storageObjects/2afffd02-68f9-4974-9d34-4bfc13a0b398.jpg,Fall 2022 - 12,43.498,40.746,43.191,0.71,6.33,0.30699999999999505,2.7519999999999953,False
https://prod.trackmania.core.nadeo.online/storageObjects/479c3d26-e055-4e4a-8a4a-fcfdc1d6d15b.jpg,Fall 2022 - 13,38.367,34.971,37.8,1.48,8.85,0.5670000000000002,3.396000000000001,False
https://prod.trackmania.core.nadeo.online/storageObjects/b84d3a7e-a957-4217-898f-dacddf79502b.jpg,Fall 2022 - 14,38.284,35.302,37.457,2.16,7.79,0.8269999999999982,2.9819999999999993,False
https://prod.trackmania.core.nadeo.online/storageObjects/8e5869b1-6f22-41c1-a21f-f24a0c9a13fa.jpg,Fall 2022 - 15,41.882,38.614,41.142,1.77,7.8,0.7399999999999949,3.2680000000000007,False
https://prod.trackmania.core.nadeo.online/storageObjects/eccd2759-c265-4497-9cf0-5224f8eaacc5.jpg,Fall 2022 - 16,44.721,41.085,44.023,1.56,8.13,0.6979999999999933,3.6359999999999957,False
https://prod.trackmania.core.nadeo.online/storageObjects/8ef1a4e9-225e-4101-b86c-e76fd8b31eac.jpg,Fall 2022 - 17,53.828,49.281,53.117,1.32,8.45,0.7110000000000056,4.547000000000004,False
https://prod.trackmania.core.nadeo.online/storageObjects/a6003450-3df6-4d23-a03a-a0417c4e2653.jpg,Fall 2022 - 18,57.684,53.964,57.414,0.47,6.45,0.269999999999996,3.719999999999999,False
https://prod.trackmania.core.nadeo.online/storageObjects/08eac0d5-a312-45ef-a627-bec31b625472.jpg,Fall 2022 - 19,56.12,50.94,55.153,1.72,9.23,0.9669999999999987,5.18,False
https://prod.trackmania.core.nadeo.online/storageObjects/abae0641-7bdf-40c3-8f74-839afc0605ac.jpg,Fall 2022 - 20,49.374,45.3,48.952,0.85,8.25,0.42200000000000415,4.074000000000005,False
https://prod.trackmania.core.nadeo.online/storageObjects/459b6718-edf1-4bd2-84c6-5333c13cdbac.jpg,Fall 2022 - 21,62.212,58.771,62.134,0.13,5.53,0.07800000000000296,3.4410000000000025,False
https://prod.trackmania.core.nadeo.online/storageObjects/e02269b4-5098-4951-9764-467a0224299b.jpg,Fall 2022 - 22,64.321,58.415,64.215,0.16,9.18,0.10599999999999454,5.905999999999999,False
https://prod.trackmania.core.nadeo.online/storageObjects/fef9470c-d98c-41ec-9a88-0724bf7d7c0a.jpg,Fall 2022 - 23,62.636,57.614,62.508,0.2,8.02,0.1280000000000001,5.022000000000006,False
https://prod.trackmania.core.nadeo.online/storageObjects/85b5fa0f-dbdd-4f31-a766-ce45d419522d.jpg,Fall 2022 - 24,62.851,56.197,62.208,1.02,10.59,0.6430000000000007,6.653999999999996,False
https://prod.trackmania.core.nadeo.online/storageObjects/2e128b79-76c9-4c81-b3f0-9ab645aa9ece.jpg,Fall 2022 - 25,64.581,59.613,64.643,-0.1,7.69,-0.06199999999999761,4.9680000000000035,False
https://prod.trackmania.core.nadeo.online/storageObjects/3f3b6920-2865-4b55-9880-65f3357ce0f4.jpg,Summer 2022 - 1,16.805,15.634,16.178,3.73,6.97,0.6269999999999989,1.1709999999999994,False
https://prod.trackmania.core.nadeo.online/storageObjects/daa0a8db-7256-4c5d-aeaa-79c5a414bfdc.jpg,Summer 2022 - 2,19.701,17.818,18.446,6.37,9.56,1.254999999999999,1.8829999999999991,False
https://prod.trackmania.core.nadeo.online/storageObjects/a41a7a8c-ee0b-49a9-b7cb-5f45b75189a1.jpg,Summer 2022 - 3,19.915,18.717,19.504,2.06,6.02,0.4109999999999978,1.1980000000000004,False
https://prod.trackmania.core.nadeo.online/storageObjects/119a5033-6229-4cd8-beea-7483eb53fa27.jpg,Summer 2022 - 4,22.008,20.627,21.088,4.18,6.27,0.9199999999999982,1.3810000000000002,False
https://prod.trackmania.core.nadeo.online/storageObjects/b9ab4b1c-ce39-4e65-ac9c-4a1445cb5c13.jpg,Summer 2022 - 5,28.505,26.458,27.4,3.88,7.18,1.1050000000000004,2.0470000000000006,False
https://prod.trackmania.core.nadeo.online/storageObjects/00bf0240-d3ba-48bc-a9b7-1d9a5a88f576.jpg,Summer 2022 - 6,35.598,33.14,34.643,2.68,6.9,0.9549999999999983,2.4579999999999984,False
https://prod.trackmania.core.nadeo.online/storageObjects/7810b0b2-f545-4bf8-b125-5e0589e311e8.jpg,Summer 2022 - 7,26.314,23.237,24.211,7.99,11.69,2.1030000000000015,3.0770000000000017,False
https://prod.trackmania.core.nadeo.online/storageObjects/c555955e-0f50-4f8c-8e23-a40d90608e92.jpg,Summer 2022 - 8,19.536,15.197,16.408,16.01,22.21,3.128,4.339000000000002,False
https://prod.trackmania.core.nadeo.online/storageObjects/011cc397-60c8-45d0-9b13-2ed4b5161edd.jpg,Summer 2022 - 9,36.402,33.666,35.19,3.33,7.52,1.2120000000000033,2.736000000000004,False
https://prod.trackmania.core.nadeo.online/storageObjects/6653d259-3ef7-47c2-9db9-616db0637aea.jpg,Summer 2022 - 10,30.957,29.325,30.353,1.95,5.27,0.6039999999999992,1.6320000000000014,False
https://prod.trackmania.core.nadeo.online/storageObjects/64e8163b-ee7f-4200-9ef5-d7c73c4b5542.jpg,Summer 2022 - 11,33.958,31.757,33.458,1.47,6.48,0.5,2.200999999999997,False
https://prod.trackmania.core.nadeo.online/storageObjects/b2941653-d528-47a6-a019-c8ec9affb3f0.jpg,Summer 2022 - 12,37.845,35.636,37.388,1.21,5.84,0.45700000000000074,2.208999999999996,False
https://prod.trackmania.core.nadeo.online/storageObjects/341deadc-4c5a-4923-804f-da5b04cdf6a4.jpg,Summer 2022 - 13,40.196,35.246,39.315,2.19,12.31,0.8810000000000002,4.949999999999996,False
https://prod.trackmania.core.nadeo.online/storageObjects/babc1e7d-bc52-48de-8797-d286deb6bd1e.jpg,Summer 2022 - 14,38.97,32.89,37.752,3.13,15.6,1.2179999999999964,6.079999999999998,False
https://prod.trackmania.core.nadeo.online/storageObjects/c18e4be4-b5e9-4490-9a51-4f3114ae1fff.jpg,Summer 2022 - 15,38.863,35.998,38.078,2.02,7.37,0.7849999999999966,2.865000000000002,False
https://prod.trackmania.core.nadeo.online/storageObjects/a0d9c540-c07b-49f2-94b1-7015ab1a2258.jpg,Summer 2022 - 16,49.644,45.725,48.677,1.95,7.89,0.9669999999999987,3.918999999999997,False
https://prod.trackmania.core.nadeo.online/storageObjects/5cd0fc12-59ed-41d0-ae65-5357ce05a436.jpg,Summer 2022 - 17,42.651,40.062,42.312,0.79,6.07,0.33900000000000574,2.5890000000000057,False
https://prod.trackmania.core.nadeo.online/storageObjects/21405590-cff4-46c4-b954-f098b4d2b2ed.jpg,Summer 2022 - 18,51.878,42.318,48.495,6.52,18.43,3.3830000000000027,9.560000000000002,False
https://prod.trackmania.core.nadeo.online/storageObjects/fc37244d-e2b4-4a05-94bb-d75e8b606318.jpg,Summer 2022 - 19,44.892,38.342,43.647,2.77,14.59,1.2450000000000045,6.550000000000004,False
https://prod.trackmania.core.nadeo.online/storageObjects/a86c57b1-e1e1-4acc-b61a-a54a6d41f515.jpg,Summer 2022 - 20,42.999,37.376,42.47,1.23,13.08,0.5290000000000035,5.623000000000005,False
https://prod.trackmania.core.nadeo.online/storageObjects/d4d30e64-85f3-4867-994b-d436f469bdd6.jpg,Summer 2022 - 21,58.697,54.975,58.648,0.08,6.34,0.04899999999999949,3.7220000000000013,False
https://prod.trackmania.core.nadeo.online/storageObjects/feac3f2b-843f-478f-964f-48b77475acc8.jpg,Summer 2022 - 22,61.782,55.838,61.585,0.32,9.62,0.19699999999999562,5.9439999999999955,False
https://prod.trackmania.core.nadeo.online/storageObjects/014a626c-50c3-463b-9b0f-4deb4e120f40.jpg,Summer 2022 - 23,58.797,50.498,57.941,1.46,14.11,0.8559999999999945,8.299,False
https://prod.trackmania.core.nadeo.online/storageObjects/075d6674-0e27-451b-baa0-a8559c3573f4.jpg,Summer 2022 - 24,56.986,51.976,56.784,0.35,8.79,0.20199999999999818,5.009999999999998,False
https://prod.trackmania.core.nadeo.online/storageObjects/dcf5c1db-fab7-46a3-80ab-11d8bfc237b9.jpg,Summer 2022 - 25,66.651,63.234,66.578,0.11,5.13,0.07299999999999329,3.4169999999999945,False
https://prod.trackmania.core.nadeo.online/storageObjects/143d3c3a-2ee0-4bf8-aa1c-4f8dbd163c7d.jpg,Spring 2022 - 1,24.302,23.243,23.503,3.29,4.36,0.7989999999999995,1.059000000000001,False
https://prod.trackmania.core.nadeo.online/storageObjects/1ba63b6c-c071-4ae2-a339-a9978db21ac8.jpg,Spring 2022 - 2,20.086,19.048,19.624,2.3,5.17,0.46199999999999974,1.0380000000000003,False
https://prod.trackmania.core.nadeo.online/storageObjects/c3be15bd-a0e8-49c2-9750-621c973f8a04.jpg,Spring 2022 - 3,25.672,20.484,23.396,8.87,20.21,2.276,5.187999999999999,False
https://prod.trackmania.core.nadeo.online/storageObjects/4f7e619e-df21-42c0-813b-f29d2449b55b.jpg,Spring 2022 - 4,24.658,22.732,24.065,2.4,7.81,0.593,1.926000000000002,False
https://prod.trackmania.core.nadeo.online/storageObjects/94f9f3c4-842b-4549-b616-96482dd9befc.jpg,Spring 2022 - 5,29.892,28.452,29.413,1.6,4.82,0.4789999999999992,1.4399999999999977,False
https://prod.trackmania.core.nadeo.online/storageObjects/36ea3e09-de21-4325-bf4d-7622359515ec.jpg,Spring 2022 - 6,36.415,34.071,35.746,1.84,6.44,0.6689999999999969,2.344000000000001,False
https://prod.trackmania.core.nadeo.online/storageObjects/aabfa2c9-d756-4e50-8e7c-a3120fb4a46b.jpg,Spring 2022 - 7,37.065,32.958,35.185,5.07,11.08,1.8799999999999955,4.106999999999999,False
https://prod.trackmania.core.nadeo.online/storageObjects/07256c1a-9ad6-4541-9b0a-16befd5797bf.jpg,Spring 2022 - 8,26.598,25.511,25.906,2.6,4.09,0.6920000000000002,1.0869999999999997,False
https://prod.trackmania.core.nadeo.online/storageObjects/57200639-2ad0-40cd-a255-879874a057cf.jpg,Spring 2022 - 9,31.096,28.25,29.803,4.16,9.15,1.2929999999999993,2.846,False
https://prod.trackmania.core.nadeo.online/storageObjects/f0eedd2f-788c-4b84-8989-c9a0b98dee4f.jpg,Spring 2022 - 10,32.314,29.311,31.874,1.36,9.29,0.4400000000000013,3.003,False
https://prod.trackmania.core.nadeo.online/storageObjects/ed2894fa-a954-453a-93ef-64225f514cee.jpg,Spring 2022 - 11,40.627,36.552,39.462,2.87,10.03,1.1649999999999991,4.075000000000003,False
https://prod.trackmania.core.nadeo.online/storageObjects/696e1389-f6b9-4d46-81f0-ad3c46044a6d.jpg,Spring 2022 - 12,40.412,36.11,39.073,3.31,10.65,1.3389999999999986,4.302,False
https://prod.trackmania.core.nadeo.online/storageObjects/f2b40098-7210-4aa0-a38d-f2b37c7b9c68.jpg,Spring 2022 - 13,42.593,38.65,42.305,0.68,9.26,0.2880000000000038,3.943000000000005,False
https://prod.trackmania.core.nadeo.online/storageObjects/2bb29159-8123-4ec9-890d-5ee9514c75e9.jpg,Spring 2022 - 14,40.536,34.704,39.541,2.45,14.39,0.9950000000000045,5.832000000000001,False
https://prod.trackmania.core.nadeo.online/storageObjects/94f9b6d8-ce02-44e1-a22a-62401c6016f8.jpg,Spring 2022 - 15,47.902,44.06,47.373,1.1,8.02,0.5290000000000035,3.8419999999999987,False
https://prod.trackmania.core.nadeo.online/storageObjects/80af54a3-2d30-4d2c-a0b5-5a66a5f45f79.jpg,Spring 2022 - 16,58.996,55.261,58.311,1.16,6.33,0.6850000000000023,3.7349999999999994,False
https://prod.trackmania.core.nadeo.online/storageObjects/39bdcfc7-4948-4348-b1e0-7944cd40d662.jpg,Spring 2022 - 17,50.586,47.648,50.156,0.85,5.81,0.4299999999999997,2.9379999999999953,False
https://prod.trackmania.core.nadeo.online/storageObjects/e52803db-8308-4c00-aae6-9d25f01f9ecd.jpg,Spring 2022 - 18,55.774,46.853,54.253,2.73,15.99,1.5210000000000008,8.921,False
https://prod.trackmania.core.nadeo.online/storageObjects/c204b2be-8fec-49f5-b350-001b69120c1b.jpg,Spring 2022 - 19,53.998,49.245,53.215,1.45,8.8,0.7829999999999941,4.753,False
https://prod.trackmania.core.nadeo.online/storageObjects/e056dba5-b396-4d47-83c7-f0e30c68fbe6.jpg,Spring 2022 - 20,64.325,55.763,63.612,1.11,13.31,0.713000000000001,8.562000000000005,False
https://prod.trackmania.core.nadeo.online/storageObjects/67d0e29e-c540-4192-97e5-b52afd90dc25.jpg,Spring 2022 - 21,62.997,56.386,61.991,1.6,10.49,1.0060000000000002,6.610999999999997,False
https://prod.trackmania.core.nadeo.online/storageObjects/19bd6a92-27a8-439c-8a36-cea473754607.jpg,Spring 2022 - 22,63.052,53.681,61.322,2.74,14.86,1.7299999999999969,9.371000000000002,False
https://prod.trackmania.core.nadeo.online/storageObjects/7344e457-e382-4350-90e6-13794ddb88a2.jpg,Spring 2022 - 23,59.741,56.295,59.562,0.3,5.77,0.17900000000000205,3.445999999999998,False
https://prod.trackmania.core.nadeo.online/storageObjects/5d6aa4ee-7a05-4eef-bb05-cfe730b7909d.jpg,Spring 2022 - 24,70.854,64.872,71.73,-1.24,8.44,-0.8760000000000048,5.981999999999999,False
https://prod.trackmania.core.nadeo.online/storageObjects/2cc0830e-df77-40a2-a74e-7bc860c2658a.jpg,Spring 2022 - 25,69.489,63.803,69.237,0.36,8.18,0.25200000000000955,5.686000000000007,False
https://prod.trackmania.core.nadeo.online/storageObjects/3ddb465d-0357-41c0-9946-394b96836577.jpg,Winter 2022 - 1,22.215,20.165,20.94,5.74,9.23,1.2749999999999986,2.0500000000000007,False
https://prod.trackmania.core.nadeo.online/storageObjects/f0a4be81-4936-4203-8f20-c44d79b8cfad.jpg,Winter 2022 - 2,20.222,18.773,19.516,3.49,7.17,0.7060000000000031,1.4490000000000016,False
https://prod.trackmania.core.nadeo.online/storageObjects/aea42a46-7a28-42cc-97a2-01b3fd45fd41.jpg,Winter 2022 - 3,24.396,22.946,23.63,3.14,5.94,0.7660000000000018,1.4499999999999993,False
https://prod.trackmania.core.nadeo.online/storageObjects/1ce0c42b-1a0c-456f-be62-fc9c931696b1.jpg,Winter 2022 - 4,23.398,22.434,22.95,1.91,4.12,0.4480000000000004,0.9639999999999986,False
https://prod.trackmania.core.nadeo.online/storageObjects/ce43a468-f040-4ff5-bb54-b2d5f759c053.jpg,Winter 2022 - 5,36.658,33.024,35.556,3.01,9.91,1.1020000000000039,3.6340000000000003,False
https://prod.trackmania.core.nadeo.online/storageObjects/0d109556-8916-4514-aeb2-740c7629440c.jpg,Winter 2022 - 6,27.154,25.343,26.657,1.83,6.67,0.4969999999999999,1.811,False
https://prod.trackmania.core.nadeo.online/storageObjects/967b206f-eff5-413c-8346-41eefb9d402c.jpg,Winter 2022 - 7,30.784,28.296,30.098,2.23,8.08,0.6859999999999999,2.4879999999999995,False
https://prod.trackmania.core.nadeo.online/storageObjects/d2e4f0b6-6e7b-4b9a-80fa-92344ab71406.jpg,Winter 2022 - 8,28.685,26.29,27.968,2.5,8.35,0.7169999999999987,2.3949999999999996,False
https://prod.trackmania.core.nadeo.online/storageObjects/3915eb9e-f81c-4426-848c-db49a4fafcae.jpg,Winter 2022 - 9,29.285,27.039,28.54,2.54,7.67,0.745000000000001,2.2459999999999987,False
https://prod.trackmania.core.nadeo.online/storageObjects/48431c6b-e5d2-4d0d-aa44-b488b0213323.jpg,Winter 2022 - 10,32.257,30.1,31.854,1.25,6.69,0.4029999999999987,2.1569999999999965,False
https://prod.trackmania.core.nadeo.online/storageObjects/598c3e81-7664-46b8-ba83-37229d3dcb98.jpg,Winter 2022 - 11,43.301,36.47,42.816,1.12,15.78,0.48499999999999943,6.831000000000003,False
https://prod.trackmania.core.nadeo.online/storageObjects/c00728f3-b027-49cc-9c7c-96192343ef17.jpg,Winter 2022 - 12,33.502,30.956,32.77,2.18,7.6,0.7319999999999993,2.546000000000003,False
https://prod.trackmania.core.nadeo.online/storageObjects/fa27dc5e-74a7-4bec-8bab-f93184ca33c0.jpg,Winter 2022 - 13,44.364,38.596,40.553,8.59,13.0,3.811,5.768000000000001,False
https://prod.trackmania.core.nadeo.online/storageObjects/c930aefa-db25-42d5-9637-31928c551e58.jpg,Winter 2022 - 14,42.254,39.922,42.046,0.49,5.52,0.2079999999999984,2.3320000000000007,False
https://prod.trackmania.core.nadeo.online/storageObjects/07c9128a-12e6-4ce5-a1ac-28244ae057fa.jpg,Winter 2022 - 15,40.263,36.576,39.572,1.72,9.16,0.6909999999999954,3.6869999999999976,False
https://prod.trackmania.core.nadeo.online/storageObjects/15f1b0aa-b3e4-4d13-8757-12fd16be2f3e.jpg,Winter 2022 - 16,46.628,43.704,46.515,0.24,6.27,0.11299999999999955,2.9239999999999995,False
https://prod.trackmania.core.nadeo.online/storageObjects/5a395135-a69f-41a5-ac29-8e08165a10b5.jpg,Winter 2022 - 17,46.294,42.985,45.806,1.05,7.15,0.48799999999999955,3.3089999999999975,False
https://prod.trackmania.core.nadeo.online/storageObjects/6d3b811c-fd2a-41ba-84eb-670dd6afcc53.jpg,Winter 2022 - 18,54.903,51.115,54.738,0.3,6.9,0.16499999999999915,3.7879999999999967,False
https://prod.trackmania.core.nadeo.online/storageObjects/709625fe-14a3-4617-a7ff-3b3027670030.jpg,Winter 2022 - 19,56.652,52.695,56.505,0.26,6.98,0.14699999999999847,3.9570000000000007,False
https://prod.trackmania.core.nadeo.online/storageObjects/fd599646-199c-4a59-8d5d-2b8ceeac373e.jpg,Winter 2022 - 20,47.999,46.048,47.874,0.26,4.06,0.125,1.9510000000000005,False
https://prod.trackmania.core.nadeo.online/storageObjects/72801e64-fb30-4d50-9ee5-3e23798fc5f7.jpg,Winter 2022 - 21,62.858,58.581,62.942,-0.13,6.8,-0.08400000000000318,4.276999999999994,False
https://prod.trackmania.core.nadeo.online/storageObjects/b1c8c656-bcf1-4cec-8218-b8e826b6bdd3.jpg,Winter 2022 - 22,59.497,54.741,59.298,0.33,7.99,0.19899999999999807,4.756,False
https://prod.trackmania.core.nadeo.online/storageObjects/e9fe7ea6-1eac-499a-aaa4-99efb37c38e4.jpg,Winter 2022 - 23,65.678,61.633,68.513,-4.32,6.16,-2.835000000000008,4.044999999999995,False
https://prod.trackmania.core.nadeo.online/storageObjects/a62d307d-5d70-4a13-97ce-97169c438225.jpg,Winter 2022 - 24,67.452,61.634,69.684,-3.31,8.63,-2.2319999999999993,5.817999999999998,False
https://prod.trackmania.core.nadeo.online/storageObjects/75513511-19fa-4655-ac27-ae5483ddb6f4.jpg,Winter 2022 - 25,74.684,67.2,76.063,-1.85,10.02,-1.3790000000000049,7.483999999999995,False
https://prod.trackmania.core.nadeo.online/storageObjects/033ce1cb-3570-4fc6-b805-44d3394f9731.jpg,Fall 2021 - 1,24.448,23.102,23.892,2.27,5.51,0.5560000000000009,1.346,False
https://prod.trackmania.core.nadeo.online/storageObjects/e63d4139-905c-41c1-8b12-af83d840d899.jpg,Fall 2021 - 2,17.234,16.251,16.711,3.03,5.7,0.5230000000000032,0.9830000000000005,False
https://prod.trackmania.core.nadeo.online/storageObjects/f89455cc-8f5e-41c9-acd9-c767ab54a646.jpg,Fall 2021 - 3,26.715,25.323,25.855,3.22,5.21,0.8599999999999994,1.3919999999999995,False
https://prod.trackmania.core.nadeo.online/storageObjects/66baf0bc-dcfd-4a72-8e39-a743263a5438.jpg,Fall 2021 - 4,24.756,23.996,24.393,1.47,3.07,0.36299999999999955,0.7600000000000016,False
https://prod.trackmania.core.nadeo.online/storageObjects/33c31cff-7d79-45eb-a441-c07a71fbb6dc.jpg,Fall 2021 - 5,32.826,28.585,30.823,6.1,12.92,2.003,4.241,False
https://prod.trackmania.core.nadeo.online/storageObjects/36db5630-7685-4074-b254-3b03ec6113d8.jpg,Fall 2021 - 6,28.942,26.558,27.716,4.24,8.24,1.225999999999999,2.3840000000000003,False
https://prod.trackmania.core.nadeo.online/storageObjects/a0d3e342-1aab-47f8-8bad-ced7ca99336f.jpg,Fall 2021 - 7,30.988,28.468,30.328,2.13,8.13,0.6600000000000001,2.5199999999999996,False
https://prod.trackmania.core.nadeo.online/storageObjects/9239e071-2288-4a62-a319-95a412973c41.jpg,Fall 2021 - 8,33.355,31.157,32.864,1.47,6.59,0.49099999999999966,2.197999999999997,False
https://prod.trackmania.core.nadeo.online/storageObjects/233a1e04-035b-43ca-85d9-c53b03c348cf.jpg,Fall 2021 - 9,33.201,29.975,32.51,2.08,9.72,0.6910000000000025,3.225999999999999,False
https://prod.trackmania.core.nadeo.online/storageObjects/1902f51e-1f7c-4dd9-bd3d-79dadb8b415d.jpg,Fall 2021 - 10,37.528,35.888,36.935,1.58,4.37,0.5929999999999964,1.6400000000000006,False
https://prod.trackmania.core.nadeo.online/storageObjects/e44fe370-1eec-45ce-8645-8465ca491330.jpg,Fall 2021 - 11,39.412,35.114,38.518,2.27,10.91,0.8939999999999984,4.298000000000002,False
https://prod.trackmania.core.nadeo.online/storageObjects/f469b16a-5f1d-47ab-87c7-465c8d64c383.jpg,Fall 2021 - 12,38.269,34.457,37.287,2.57,9.96,0.9819999999999993,3.8119999999999976,False
https://prod.trackmania.core.nadeo.online/storageObjects/077e97ab-c479-4e76-acb0-10d157602d3d.jpg,Fall 2021 - 13,35.247,32.241,34.408,2.38,8.53,0.8389999999999986,3.0060000000000002,False
https://prod.trackmania.core.nadeo.online/storageObjects/7de352da-4632-4caf-834a-375302064dc7.jpg,Fall 2021 - 14,35.258,33.631,34.807,1.28,4.61,0.4510000000000005,1.6270000000000024,False
https://prod.trackmania.core.nadeo.online/storageObjects/2860d88f-eb04-4237-bc9d-322e49d37b04.jpg,Fall 2021 - 15,38.581,33.64,37.295,3.33,12.81,1.2860000000000014,4.9410000000000025,False
https://prod.trackmania.core.nadeo.online/storageObjects/caf692ae-0eed-442d-9011-9e67dff665be.jpg,Fall 2021 - 16,41.624,37.026,41.236,0.93,11.05,0.38800000000000523,4.597999999999999,False
https://prod.trackmania.core.nadeo.online/storageObjects/d90c4753-89ca-460e-9a8f-36ce7bc9ca0a.jpg,Fall 2021 - 17,37.316,33.588,36.671,1.73,9.99,0.6450000000000031,3.7280000000000015,False
https://prod.trackmania.core.nadeo.online/storageObjects/282b840c-f715-4492-a18f-5d8645929e53.jpg,Fall 2021 - 18,42.22,37.723,41.05,2.77,10.65,1.1700000000000017,4.497,False
https://prod.trackmania.core.nadeo.online/storageObjects/d07d3682-af4e-4a62-8937-66af0b83804d.jpg,Fall 2021 - 19,52.575,41.798,51.016,2.97,20.5,1.5590000000000046,10.777000000000001,False
https://prod.trackmania.core.nadeo.online/storageObjects/1a8c4376-4341-40bc-8070-f1f2a74f0286.jpg,Fall 2021 - 20,51.234,46.783,50.716,1.01,8.69,0.5180000000000007,4.4510000000000005,False
https://prod.trackmania.core.nadeo.online/storageObjects/5deefdfd-fd90-49ed-9888-46682e6eceaa.jpg,Fall 2021 - 21,54.298,49.631,54.083,0.4,8.6,0.2150000000000034,4.667000000000002,False
https://prod.trackmania.core.nadeo.online/storageObjects/f25fe0a7-d55a-45f0-bac1-d43db1459c44.jpg,Fall 2021 - 22,52.037,48.385,51.608,0.82,7.02,0.42900000000000205,3.652000000000001,False
https://prod.trackmania.core.nadeo.online/storageObjects/709b9e69-dbd7-4cba-97de-2ec5e1cafc9e.jpg,Fall 2021 - 23,52.551,45.959,52.502,0.09,12.54,0.04899999999999949,6.591999999999999,False
https://prod.trackmania.core.nadeo.online/storageObjects/1af02ceb-06cf-439a-8081-8f6cfd6eaeb7.jpg,Fall 2021 - 24,62.641,58.595,62.888,-0.39,6.46,-0.2469999999999999,4.045999999999999,False
https://prod.trackmania.core.nadeo.online/storageObjects/f0b75b48-7052-4329-93b9-347a41274be1.jpg,Fall 2021 - 25,64.762,60.666,64.747,0.02,6.32,0.015000000000000568,4.096000000000004,False
https://prod.trackmania.core.nadeo.online/storageObjects/d9d9b062-ae28-4836-9b58-7f1965279618.jpg,Summer 2021 - 1,21.024,20.228,20.534,2.33,3.79,0.490000000000002,0.7959999999999994,False
https://prod.trackmania.core.nadeo.online/storageObjects/12f6dbbc-4711-45aa-be1c-0129bf1332a6.jpg,Summer 2021 - 2,25.371,23.878,24.755,2.43,5.88,0.6159999999999997,1.4929999999999986,False
https://prod.trackmania.core.nadeo.online/storageObjects/7763bcf4-3d8e-4f05-9bc2-0ac6deddbe7c.jpg,Summer 2021 - 3,22.201,20.611,21.282,4.14,7.16,0.9190000000000005,1.5899999999999999,False
https://prod.trackmania.core.nadeo.online/storageObjects/affa06a4-73b5-432f-84a3-364c9a6510df.jpg,Summer 2021 - 4,26.84,24.205,25.586,4.67,9.82,1.2540000000000013,2.6350000000000016,False
https://prod.trackmania.core.nadeo.online/storageObjects/cbf94ebe-b15a-440d-9484-2737939f40a7.jpg,Summer 2021 - 5,37.614,35.327,36.488,2.99,6.08,1.1259999999999977,2.286999999999999,False
https://prod.trackmania.core.nadeo.online/storageObjects/6a96e163-613c-4efa-baa2-ea07eaee0d08.jpg,Summer 2021 - 6,27.636,25.483,26.815,2.97,7.79,0.820999999999998,2.1529999999999987,False
https://prod.trackmania.core.nadeo.online/storageObjects/3d665c4c-7eb3-421f-8db8-1bcfcdfff2e3.jpg,Summer 2021 - 7,25.578,22.111,24.875,2.75,13.55,0.7029999999999994,3.4669999999999987,False
https://prod.trackmania.core.nadeo.online/storageObjects/796fe46b-c317-43fd-b299-d97735d06a0b.jpg,Summer 2021 - 8,25.94,23.38,25.254,2.64,9.87,0.6859999999999999,2.5600000000000023,False
https://prod.trackmania.core.nadeo.online/storageObjects/6ac458a7-0760-4970-8b11-ab75e0c6adf8.jpg,Summer 2021 - 9,25.353,23.538,24.43,3.64,7.16,0.9230000000000018,1.8150000000000013,False
https://prod.trackmania.core.nadeo.online/storageObjects/9fd6897f-4bac-4b05-b101-2799f9ea8058.jpg,Summer 2021 - 10,38.52,35.385,37.112,3.66,8.14,1.4080000000000013,3.135000000000005,False
https://prod.trackmania.core.nadeo.online/storageObjects/98e35b4c-20ee-4c44-b74a-00831e03c486.jpg,Summer 2021 - 11,33.427,30.761,33.032,1.18,7.98,0.3950000000000031,2.6660000000000004,False
https://prod.trackmania.core.nadeo.online/storageObjects/25d3da1d-5a63-4df5-a502-74d3ad04403e.jpg,Summer 2021 - 12,37.097,33.531,36.116,2.64,9.61,0.9810000000000016,3.5660000000000025,False
https://prod.trackmania.core.nadeo.online/storageObjects/d94dea6d-3582-45ca-93ed-b1e6261ced6d.jpg,Summer 2021 - 13,35.829,33.51,35.728,0.28,6.47,0.10099999999999909,2.3190000000000026,False
https://prod.trackmania.core.nadeo.online/storageObjects/5f663539-3d9e-4b42-814b-c6ebf890dce1.jpg,Summer 2021 - 14,36.418,33.554,35.545,2.4,7.86,0.8729999999999976,2.863999999999997,False
https://prod.trackmania.core.nadeo.online/storageObjects/732829b6-c7dc-4b21-b538-f57e6a5aa037.jpg,Summer 2021 - 15,48.694,45.301,48.5,0.4,6.97,0.19400000000000261,3.3930000000000007,False
https://prod.trackmania.core.nadeo.online/storageObjects/92e1de7d-05ff-4e10-a51d-c30e35122d1e.jpg,Summer 2021 - 16,47.745,44.661,47.183,1.18,6.46,0.5619999999999976,3.083999999999996,False
https://prod.trackmania.core.nadeo.online/storageObjects/46c0443b-4b6b-4e7b-9c34-33261852f1da.jpg,Summer 2021 - 17,49.178,45.367,49.175,0.01,7.75,0.0030000000000001137,3.811,False
https://prod.trackmania.core.nadeo.online/storageObjects/ef89e034-3efa-4050-a6ba-c7fc5a77700d.jpg,Summer 2021 - 18,49.065,43.48,48.786,0.57,11.38,0.27899999999999636,5.585000000000001,False
https://prod.trackmania.core.nadeo.online/storageObjects/e7c7ce03-e306-4380-a8af-ee3ae519fa16.jpg,Summer 2021 - 19,53.363,48.873,52.888,0.89,8.41,0.4750000000000014,4.490000000000002,False
https://prod.trackmania.core.nadeo.online/storageObjects/3931d54a-b0a6-490a-90ad-74354afd1e20.jpg,Summer 2021 - 20,60.902,50.405,57.838,5.03,17.24,3.064,10.497,False
https://prod.trackmania.core.nadeo.online/storageObjects/69397690-05a4-4a76-8c24-7ae9c44ae200.jpg,Summer 2021 - 21,55.151,51.564,55.984,-1.51,6.5,-0.8329999999999984,3.5870000000000033,False
https://prod.trackmania.core.nadeo.online/storageObjects/f15e77f1-212d-4efb-82f2-81ff82a586b8.jpg,Summer 2021 - 22,62.633,57.864,62.545,0.14,7.61,0.08800000000000097,4.7690000000000055,False
https://prod.trackmania.core.nadeo.online/storageObjects/4d7b4a1c-c481-45a8-be18-28a9a23991b7.jpg,Summer 2021 - 23,52.414,46.601,52.324,0.17,11.09,0.09000000000000341,5.813000000000002,False
https://prod.trackmania.core.nadeo.online/storageObjects/b5b36587-47f4-4192-a5e6-7c0920b7f2c9.jpg,Summer 2021 - 24,62.568,55.586,61.451,1.79,11.16,1.1169999999999973,6.981999999999999,False
https://prod.trackmania.core.nadeo.online/storageObjects/97d609ce-a0af-46ec-a105-676f3eb2cae1.jpg,Summer 2021 - 25,85.858,80.303,86.095,-0.28,6.47,-0.23699999999999477,5.555000000000007,False
https://prod.trackmania.core.nadeo.online/storageObjects/3c93ef91-98eb-44fd-a9d5-e36f03e0d9b2.jpg,Spring 2021 - 1,21.755,21.058,21.336,1.93,3.2,0.4190000000000005,0.6969999999999992,False
https://prod.trackmania.core.nadeo.online/storageObjects/d9817ee4-1914-4a20-bf02-06b0c64f5375.jpg,Spring 2021 - 2,19.367,17.684,18.19,6.08,8.69,1.1769999999999996,1.6829999999999998,False
https://prod.trackmania.core.nadeo.online/storageObjects/f507f73c-ed45-4a23-b619-5fe0085da968.jpg,Spring 2021 - 3,21.777,20.204,21.655,0.56,7.22,0.12199999999999989,1.5730000000000004,False
https://prod.trackmania.core.nadeo.online/storageObjects/a4c3a2c2-a43e-4775-a6b8-1339f3995b13.jpg,Spring 2021 - 4,33.989,30.374,33.438,1.62,10.64,0.5509999999999948,3.6149999999999984,False
https://prod.trackmania.core.nadeo.online/storageObjects/94fa5bc8-2038-44d7-b846-d68bcb14556e.jpg,Spring 2021 - 5,30.281,27.807,29.128,3.81,8.17,1.1529999999999987,2.474,False
https://prod.trackmania.core.nadeo.online/storageObjects/49f724c3-f637-4045-8a47-361d64753f1c.jpg,Spring 2021 - 6,30.868,27.69,30.176,2.24,10.3,0.6920000000000002,3.1779999999999973,False
https://prod.trackmania.core.nadeo.online/storageObjects/bc9cfffe-0d4f-4566-b943-2645b566fef3.jpg,Spring 2021 - 7,32.456,29.637,31.776,2.1,8.69,0.6800000000000033,2.8190000000000026,False
https://prod.trackmania.core.nadeo.online/storageObjects/f2be2871-8b6d-45ef-b1bf-9454ff0f8aff.jpg,Spring 2021 - 8,34.693,30.604,33.168,4.4,11.79,1.5249999999999986,4.088999999999999,False
https://prod.trackmania.core.nadeo.online/storageObjects/5206e359-3b42-4a1b-8b00-2ef1e9bc27b4.jpg,Spring 2021 - 9,39.572,36.213,38.206,3.45,8.49,1.3659999999999997,3.3590000000000018,False
https://prod.trackmania.core.nadeo.online/storageObjects/e7d61c0c-744a-4f6b-8b03-62e16e7a71b3.jpg,Spring 2021 - 10,39.78,36.282,38.783,2.51,8.79,0.9969999999999999,3.4980000000000047,False
https://prod.trackmania.core.nadeo.online/storageObjects/bbbea445-924a-4f94-8330-896251166b0f.jpg,Spring 2021 - 11,34.105,31.542,33.575,1.55,7.52,0.529999999999994,2.5629999999999953,False
https://prod.trackmania.core.nadeo.online/storageObjects/ea3b246a-3d92-45d2-bdd5-b3b11de2ded8.jpg,Spring 2021 - 12,34.124,27.801,33.336,2.31,18.53,0.7880000000000038,6.323000000000004,False
https://prod.trackmania.core.nadeo.online/storageObjects/2a330eab-e928-4881-9dba-55de24573627.jpg,Spring 2021 - 13,36.93,32.36,35.551,3.73,12.37,1.3789999999999978,4.57,False
https://prod.trackmania.core.nadeo.online/storageObjects/2e9b4c32-2137-4dfb-8e52-8ca08a5ce8b1.jpg,Spring 2021 - 14,44.562,39.938,44.292,0.61,10.38,0.269999999999996,4.623999999999995,False
https://prod.trackmania.core.nadeo.online/storageObjects/a2788462-10d2-4249-83cb-0679c2c934d9.jpg,Spring 2021 - 15,39.37,34.908,38.303,2.71,11.33,1.0670000000000002,4.461999999999996,False
https://prod.trackmania.core.nadeo.online/storageObjects/636e26ae-0996-4541-a18c-842355c75459.jpg,Spring 2021 - 16,35.5,33.298,35.032,1.32,6.2,0.4680000000000035,2.201999999999998,False
https://prod.trackmania.core.nadeo.online/storageObjects/9dde855d-eb78-46a8-9703-53acf7e88d2b.jpg,Spring 2021 - 17,42.04,37.924,41.646,0.94,9.79,0.39399999999999835,4.116,False
https://prod.trackmania.core.nadeo.online/storageObjects/22b59cc9-1b79-456a-8e08-f3f9e1185804.jpg,Spring 2021 - 18,44.14,39.35,43.217,2.09,10.85,0.9230000000000018,4.789999999999999,False
https://prod.trackmania.core.nadeo.online/storageObjects/c7547ec9-bfe2-48e4-adde-46c5954d540d.jpg,Spring 2021 - 19,56.588,52.612,56.428,0.28,7.03,0.1600000000000037,3.975999999999999,False
https://prod.trackmania.core.nadeo.online/storageObjects/68a7a5e4-4c04-4703-a3a5-d2c1b709cd02.jpg,Spring 2021 - 20,45.362,42.103,44.972,0.86,7.18,0.39000000000000057,3.2590000000000003,False
https://prod.trackmania.core.nadeo.online/storageObjects/d87cb55b-9195-4730-b504-c3ff3fcba521.jpg,Spring 2021 - 21,54.444,49.434,54.776,-0.61,9.2,-0.33200000000000074,5.010000000000005,False
https://prod.trackmania.core.nadeo.online/storageObjects/64d375c6-1baf-48cf-a9ba-ee88afd6e2ae.jpg,Spring 2021 - 22,59.51,54.061,59.348,0.27,9.16,0.16199999999999903,5.448999999999998,False
https://prod.trackmania.core.nadeo.online/storageObjects/4f5d8c12-0898-42df-bb45-a2c20776c0dd.jpg,Spring 2021 - 23,53.735,49.634,54.695,-1.79,7.63,-0.9600000000000009,4.100999999999999,False
https://prod.trackmania.core.nadeo.online/storageObjects/dda943fd-4740-4cb1-975a-c5ab7905020e.jpg,Spring 2021 - 24,73.636,68.672,76.158,-3.42,6.74,-2.5220000000000056,4.963999999999999,False
https://prod.trackmania.core.nadeo.online/storageObjects/0d0360d9-9c0f-4296-b141-1a36e6181728.jpg,Spring 2021 - 25,78.942,74.305,80.79,-2.34,5.87,-1.8480000000000132,4.636999999999986,False
https://prod.trackmania.core.nadeo.online/storageObjects/01326c98-0677-4e1e-b681-a88f228372f5.jpg,Winter 2021 - 1,25.288,23.218,24.257,4.08,8.19,1.0309999999999988,2.0700000000000003,False
https://prod.trackmania.core.nadeo.online/storageObjects/0fa1bb2b-a780-44de-addc-4eb16e28d57c.jpg,Winter 2021 - 2,17.31,16.534,16.982,1.89,4.48,0.3279999999999994,0.7759999999999998,False
https://prod.trackmania.core.nadeo.online/storageObjects/6cc31d9e-f9e8-4790-996d-2a687b7f6b17.jpg,Winter 2021 - 3,22.043,20.128,21.885,0.72,8.69,0.1579999999999977,1.9149999999999991,False
https://prod.trackmania.core.nadeo.online/storageObjects/72a3a413-b63c-485e-ab53-6504e382fc7c.jpg,Winter 2021 - 4,22.995,21.88,22.78,0.93,4.85,0.21499999999999986,1.115000000000002,False
https://prod.trackmania.core.nadeo.online/storageObjects/82aec8fc-e20c-44dd-9b79-4a398c637996.jpg,Winter 2021 - 5,39.135,34.816,38.621,1.31,11.04,0.5139999999999958,4.3189999999999955,False
https://prod.trackmania.core.nadeo.online/storageObjects/27134579-dc37-455c-b50a-afcf468c497c.jpg,Winter 2021 - 6,31.158,29.664,30.85,0.99,4.79,0.30799999999999983,1.4939999999999998,False
https://prod.trackmania.core.nadeo.online/storageObjects/1d295ed0-5139-4b29-932f-ff5f8d59c6fb.jpg,Winter 2021 - 7,36.915,33.271,36.48,1.18,9.87,0.4350000000000023,3.6439999999999984,False
https://prod.trackmania.core.nadeo.online/storageObjects/effa9140-9489-459a-8494-416ef3fad0b7.jpg,Winter 2021 - 8,37.226,34.125,37.056,0.46,8.33,0.1700000000000017,3.100999999999999,False
https://prod.trackmania.core.nadeo.online/storageObjects/04af525d-6e7c-43ae-82db-1c845fe0a19c.jpg,Winter 2021 - 9,48.336,43.637,47.653,1.41,9.72,0.6829999999999998,4.698999999999998,False
https://prod.trackmania.core.nadeo.online/storageObjects/b303f8f4-4d18-4342-be54-4b4c1d6b3641.jpg,Winter 2021 - 10,45.208,41.644,44.715,1.09,7.88,0.492999999999995,3.564,False
https://prod.trackmania.core.nadeo.online/storageObjects/c3e19ecc-fdfa-40b7-bc7c-e9714b50e5bc.jpg,Winter 2021 - 11,31.735,28.652,31.512,0.7,9.71,0.22299999999999898,3.0829999999999984,False
https://prod.trackmania.core.nadeo.online/storageObjects/1958cc29-d7bb-4fb0-94d5-dab71cd63308.jpg,Winter 2021 - 12,39.74,37.618,39.708,0.08,5.34,0.03200000000000358,2.122,False
https://prod.trackmania.core.nadeo.online/storageObjects/9e065047-3eea-4f4a-b1c5-19e2ef94f459.jpg,Winter 2021 - 13,33.023,28.896,32.912,0.34,12.5,0.1110000000000042,4.1270000000000024,False
https://prod.trackmania.core.nadeo.online/storageObjects/2c5613f3-8d5a-4bd3-a068-550c2d355bf2.jpg,Winter 2021 - 14,30.312,24.903,30.173,0.46,17.84,0.1390000000000029,5.4090000000000025,False
https://prod.trackmania.core.nadeo.online/storageObjects/a10cf853-157c-4777-9675-189d8eb214c6.jpg,Winter 2021 - 15,59.074,53.326,59.667,-1.0,9.73,-0.5930000000000035,5.7479999999999976,False
https://prod.trackmania.core.nadeo.online/storageObjects/084a11c4-b07a-4b99-b5ea-c09f37cc6b4b.jpg,Winter 2021 - 16,43.172,37.364,42.828,0.8,13.45,0.3439999999999941,5.808,False
https://prod.trackmania.core.nadeo.online/storageObjects/970dd8c4-634f-448e-bc90-4f2aa8fc66d3.jpg,Winter 2021 - 17,54.84,49.594,56.614,-3.23,9.57,-1.7739999999999938,5.246000000000002,False
https://prod.trackmania.core.nadeo.online/storageObjects/fe6ead18-df4a-4edc-8c54-289daa2fa9ed.jpg,Winter 2021 - 18,43.5,39.528,43.4,0.23,9.13,0.10000000000000142,3.9720000000000013,False
https://prod.trackmania.core.nadeo.online/storageObjects/29cd6172-60a4-49de-a2f2-3cd97d5551d2.jpg,Winter 2021 - 19,56.691,50.991,58.778,-3.68,10.05,-2.086999999999996,5.700000000000003,False
https://prod.trackmania.core.nadeo.online/storageObjects/2e5a4d97-938e-46d5-85d1-1b47f716ff87.jpg,Winter 2021 - 20,45.89,40.767,45.844,0.1,11.16,0.045999999999999375,5.1229999999999976,False
https://prod.trackmania.core.nadeo.online/storageObjects/e1094074-e22d-4354-9584-72b9af1d84aa.jpg,Winter 2021 - 21,48.626,40.758,50.331,-3.51,16.18,-1.7050000000000054,7.867999999999995,False
https://prod.trackmania.core.nadeo.online/storageObjects/b6d1b76a-de6a-402c-aec6-02ef214de92b.jpg,Winter 2021 - 22,46.538,43.198,46.528,0.02,7.18,0.00999999999999801,3.3399999999999963,False
https://prod.trackmania.core.nadeo.online/storageObjects/1c3c14de-20ef-4e82-8d83-29da9c64748d.jpg,Winter 2021 - 23,65.175,60.082,68.106,-4.5,7.81,-2.9309999999999974,5.092999999999996,False
https://prod.trackmania.core.nadeo.online/storageObjects/9c005984-ec5a-46ae-bbf5-80abcffa8c4a.jpg,Winter 2021 - 24,67.547,59.635,70.192,-3.92,11.71,-2.644999999999996,7.911999999999999,False
https://prod.trackmania.core.nadeo.online/storageObjects/3bf5ac62-218b-47bf-ac0d-26cbf4604b48.jpg,Winter 2021 - 25,96.533,88.261,102.421,-6.1,8.57,-5.888000000000005,8.272000000000006,False
https://prod.trackmania.core.nadeo.online/storageObjects/48f6e3db-0153-4cef-81bf-9b68504dcbd6.jpg,Fall 2020 - 1,19.291,18.171,18.768,2.71,5.81,0.5229999999999997,1.120000000000001,False
https://prod.trackmania.core.nadeo.online/storageObjects/5233e729-1810-4e89-bf0d-b9d832562680.jpg,Fall 2020 - 2,18.843,18.355,18.592,1.33,2.59,0.2510000000000012,0.48799999999999955,False
https://prod.trackmania.core.nadeo.online/storageObjects/e48236b6-c4b7-41b8-9b8e-e2ce1edf67c2.jpg,Fall 2020 - 3,23.508,20.538,22.969,2.29,12.63,0.5389999999999979,2.969999999999999,False
https://prod.trackmania.core.nadeo.online/storageObjects/3015d916-855d-4c7d-a03f-c3ae6f3917cf.jpg,Fall 2020 - 4,27.965,26.131,27.752,0.76,6.56,0.21300000000000097,1.8339999999999996,False
https://prod.trackmania.core.nadeo.online/storageObjects/64193fda-bcc5-4587-beac-3423173e9890.jpg,Fall 2020 - 5,44.013,40.588,43.712,0.68,7.78,0.3009999999999948,3.424999999999997,False
https://prod.trackmania.core.nadeo.online/storageObjects/6f499088-149a-4ae2-8c57-8e4367e15533.jpg,Fall 2020 - 6,30.401,28.333,30.031,1.22,6.8,0.370000000000001,2.0680000000000014,False
https://prod.trackmania.core.nadeo.online/storageObjects/330c886f-02c9-4f6c-9e41-a6a395de2387.jpg,Fall 2020 - 7,33.883,30.435,33.213,1.98,10.18,0.6700000000000017,3.448000000000004,False
https://prod.trackmania.core.nadeo.online/storageObjects/45b58345-f15a-48e1-a333-d603136952f2.jpg,Fall 2020 - 8,33.888,30.368,33.376,1.51,10.39,0.5120000000000005,3.5199999999999996,False
https://prod.trackmania.core.nadeo.online/storageObjects/01f06d0f-4122-4ea3-b8b5-1cde301fb329.jpg,Fall 2020 - 9,37.574,33.958,37.425,0.4,9.62,0.1490000000000009,3.6159999999999997,False
https://prod.trackmania.core.nadeo.online/storageObjects/d443c819-7cfc-48d5-a1da-6f2e40ab489f.jpg,Fall 2020 - 10,36.041,31.617,35.276,2.12,12.27,0.7649999999999935,4.423999999999996,False
https://prod.trackmania.core.nadeo.online/storageObjects/48086d1c-6221-47de-8083-8805cc36ab6d.jpg,Fall 2020 - 11,29.777,27.324,29.183,1.99,8.24,0.5940000000000012,2.4529999999999994,False
https://prod.trackmania.core.nadeo.online/storageObjects/c245ca2e-2597-41b7-81cf-05ba493d5445.jpg,Fall 2020 - 12,39.097,33.845,38.756,0.87,13.43,0.3410000000000011,5.2520000000000024,False
https://prod.trackmania.core.nadeo.online/storageObjects/85ff0a77-1928-4d84-b3a3-888e4639676f.jpg,Fall 2020 - 13,36.571,31.196,36.955,-1.05,14.7,-0.38400000000000034,5.3749999999999964,False
https://prod.trackmania.core.nadeo.online/storageObjects/4d6e4dfe-690d-431b-8471-c610ed593c27.jpg,Fall 2020 - 14,35.046,24.623,34.561,1.38,29.74,0.48499999999999943,10.422999999999998,False
https://prod.trackmania.core.nadeo.online/storageObjects/79bcc750-d0a3-4204-af7d-d8f9728ba044.jpg,Fall 2020 - 15,47.158,41.527,47.067,0.19,11.94,0.09100000000000108,5.631,False
https://prod.trackmania.core.nadeo.online/storageObjects/c3790815-48dd-492b-a31f-ca2a4467866a.jpg,Fall 2020 - 16,49.631,43.871,49.176,0.92,11.61,0.4549999999999983,5.759999999999998,False
https://prod.trackmania.core.nadeo.online/storageObjects/211c41a4-1e30-42cf-91a0-45afaa45ee34.jpg,Fall 2020 - 17,46.227,39.795,45.991,0.51,13.91,0.2359999999999971,6.431999999999995,False
https://prod.trackmania.core.nadeo.online/storageObjects/ee46429e-9024-4615-82ce-36849d81bf33.jpg,Fall 2020 - 18,41.418,37.311,41.29,0.31,9.92,0.1280000000000001,4.106999999999999,False
https://prod.trackmania.core.nadeo.online/storageObjects/6b5b23df-e663-4bf7-b5f7-ce200c49bfa2.jpg,Fall 2020 - 19,53.997,47.791,54.867,-1.61,11.49,-0.8699999999999974,6.206000000000003,False
https://prod.trackmania.core.nadeo.online/storageObjects/9ca47564-4f73-43ec-8cb3-d66f312487b7.jpg,Fall 2020 - 20,52.438,45.971,52.398,0.08,12.33,0.03999999999999915,6.467000000000006,False
https://prod.trackmania.core.nadeo.online/storageObjects/fd2122eb-4033-4c66-aa66-f1c2813a8cb3.jpg,Fall 2020 - 21,57.494,50.7,58.806,-2.28,11.82,-1.3119999999999976,6.793999999999997,False
https://prod.trackmania.core.nadeo.online/storageObjects/576c525c-9be4-44a5-aad0-6648e6f68140.jpg,Fall 2020 - 22,56.623,52.221,57.518,-1.58,7.77,-0.8950000000000031,4.402000000000001,False
https://prod.trackmania.core.nadeo.online/storageObjects/e0dd403f-d5ee-4957-8b71-6a86a0013240.jpg,Fall 2020 - 23,50.816,45.285,50.275,1.06,10.88,0.5410000000000039,5.531000000000006,False
https://prod.trackmania.core.nadeo.online/storageObjects/9387fe0f-7db7-4105-a95e-522d6aadd558.jpg,Fall 2020 - 24,57.935,51.103,58.471,-0.93,11.79,-0.5359999999999943,6.832000000000001,False
https://prod.trackmania.core.nadeo.online/storageObjects/cf656560-e29c-4f29-bfc6-eed15a19b2e8.jpg,Fall 2020 - 25,77.692,68.165,81.115,-4.41,12.26,-3.423000000000002,9.526999999999987,False
https://prod.trackmania.core.nadeo.online/storageObjects/375fc942-2a65-4416-bde6-ff5c0d0dca2b.jpg,Summer 2020 - 1,21.794,19.454,20.197,7.33,10.74,1.5970000000000013,2.34,False
https://prod.trackmania.core.nadeo.online/storageObjects/a2d93adc-476e-4a67-a982-8809f5900f40.jpg,Summer 2020 - 2,15.061,14.613,14.915,0.97,2.97,0.1460000000000008,0.4480000000000004,False
https://prod.trackmania.core.nadeo.online/storageObjects/3dd27028-8e20-4aec-b54d-75837ab93d4b.jpg,Summer 2020 - 3,20.651,18.192,19.636,4.92,11.91,1.0150000000000006,2.4589999999999996,False
https://prod.trackmania.core.nadeo.online/storageObjects/f6ae38ac-bb7f-4518-b6f1-2fe7e29930a6.jpg,Summer 2020 - 4,26.207,22.521,25.125,4.13,14.06,1.0820000000000007,3.686,False
https://prod.trackmania.core.nadeo.online/storageObjects/822a8a22-a090-4ab7-a52a-24cc0fc99fe2.jpg,Summer 2020 - 5,33.258,31.258,32.861,1.19,6.01,0.39700000000000557,2.0000000000000036,False
https://prod.trackmania.core.nadeo.online/storageObjects/3b417d56-9134-4b6a-904d-9fb77449b960.jpg,Summer 2020 - 6,28.887,25.487,26.816,7.17,11.77,2.0710000000000015,3.400000000000002,False
https://prod.trackmania.core.nadeo.online/storageObjects/999ce280-f315-4977-b315-a0113cd404b4.jpg,Summer 2020 - 7,33.605,29.961,32.574,3.07,10.84,1.0309999999999988,3.6439999999999984,False
https://prod.trackmania.core.nadeo.online/storageObjects/a1345daa-25ee-4b4e-ba0e-1f0c667bb059.jpg,Summer 2020 - 8,16.594,13.912,15.118,8.89,16.16,1.4760000000000009,2.6820000000000004,False
https://prod.trackmania.core.nadeo.online/storageObjects/af4ceed7-103a-4c0d-8ffe-ce89b31d633a.jpg,Summer 2020 - 9,49.887,44.097,49.015,1.75,11.61,0.8719999999999999,5.789999999999999,False
https://prod.trackmania.core.nadeo.online/storageObjects/19b58a67-7271-4c31-8782-7688a691fb49.jpg,Summer 2020 - 10,41.575,37.718,40.642,2.24,9.28,0.9329999999999998,3.8569999999999993,False
https://prod.trackmania.core.nadeo.online/storageObjects/194ef227-011b-41f4-b60e-e7dbedd7721f.jpg,Summer 2020 - 11,26.846,24.317,25.344,5.59,9.42,1.501999999999999,2.529,False
https://prod.trackmania.core.nadeo.online/storageObjects/0d4f39d7-df06-4233-9c85-947e9843f23b.jpg,Summer 2020 - 12,43.936,37.827,42.854,2.46,13.9,1.0820000000000007,6.109000000000002,False
https://prod.trackmania.core.nadeo.online/storageObjects/f416f2a9-a5a4-41e6-9357-4cfc238cacaf.jpg,Summer 2020 - 13,37.432,31.363,36.011,3.8,16.21,1.4209999999999994,6.069000000000003,False
https://prod.trackmania.core.nadeo.online/storageObjects/4cb50659-f165-419b-a8b4-194e02c33ce2.jpg,Summer 2020 - 14,30.433,18.694,26.68,12.33,38.57,3.753,11.739,False
https://prod.trackmania.core.nadeo.online/storageObjects/f37b52b6-215c-47d4-9c40-18256a4c4e99.jpg,Summer 2020 - 15,50.62,43.485,49.607,2.0,14.1,1.0129999999999981,7.134999999999998,False
https://prod.trackmania.core.nadeo.online/storageObjects/505c892f-6b83-49aa-bb09-3bdcc2ddcfbb.jpg,Summer 2020 - 16,42.933,35.707,41.444,3.47,16.83,1.4889999999999972,7.225999999999999,False
https://prod.trackmania.core.nadeo.online/storageObjects/30a45cc8-343e-4b21-b307-ba7a53d281bf.jpg,Summer 2020 - 17,50.324,43.856,49.811,1.02,12.85,0.5129999999999981,6.467999999999996,False
https://prod.trackmania.core.nadeo.online/storageObjects/fc2984ce-6f2d-4a04-bf55-bdd93c00dc7e.jpg,Summer 2020 - 18,41.696,33.818,40.859,2.01,18.89,0.8369999999999962,7.878,False
https://prod.trackmania.core.nadeo.online/storageObjects/acfbc6c9-505b-420e-a575-8db28e1b45a8.jpg,Summer 2020 - 19,59.581,48.665,57.832,2.94,18.32,1.7490000000000023,10.916000000000004,False
https://prod.trackmania.core.nadeo.online/storageObjects/61a7a70e-1cd9-47ac-b4ed-2c9122793c76.jpg,Summer 2020 - 20,42.117,36.345,41.617,1.19,13.7,0.5,5.7719999999999985,False
https://prod.trackmania.core.nadeo.online/storageObjects/ff17d7c1-5105-4e55-b60d-6e62c5013f86.jpg,Summer 2020 - 21,46.637,38.524,44.403,4.79,17.4,2.2340000000000018,8.113,False
https://prod.trackmania.core.nadeo.online/storageObjects/6944da44-b44d-49db-8a1c-d8803d2db322.jpg,Summer 2020 - 22,47.153,40.998,44.544,5.53,13.05,2.6090000000000018,6.155000000000001,False
https://prod.trackmania.core.nadeo.online/storageObjects/b7abe41e-94f9-4a26-be37-de8290f6aec3.jpg,Summer 2020 - 23,47.259,38.446,46.116,2.42,18.65,1.1430000000000007,8.813000000000002,False
https://prod.trackmania.core.nadeo.online/storageObjects/3c36a826-93f2-4245-b6c3-851f3b0d907c.jpg,Summer 2020 - 24,53.291,45.634,50.805,4.66,14.37,2.485999999999997,7.6569999999999965,False
https://prod.trackmania.core.nadeo.online/storageObjects/561e4e02-f888-4367-805e-57426e9a30cb.jpg,Summer 2020 - 25,68.261,56.36,67.504,1.11,17.43,0.7569999999999908,11.900999999999996,False